-1.115310113107288892e+01 6.714373265839803651e+00 -6.190161885375975004e+00 2.244236039164354679e+01
1.718134050779182909e+00 3.735126340551702562e+00 1.203418463936904814e+01 4.022601669311680617e+00
2.014777615043888304e+00 6.698252403183507120e+00 5.455431683072517579e+00 -3.919550789450328310e+00
-4.317268978446270111e+00 8.663474238000464567e+00 8.070485955860720040e+00 -7.530491870731537141e-01
-4.629764741547355733e+00 1.049619249998077919e+01 -1.803317033914864087e+00 -3.903463645870345333e-01
2.262224564400052262e+00 -1.463234325595094276e+01 6.904635343089661426e+00 -7.198342116218602982e+00
-7.728366479701226588e+00 5.596689717443272372e+00 -3.883549945922171176e+00 8.945124620835974483e+00
-6.748989679235279926e-01 -2.225616010764989827e+00 1.120103172782195600e+01 -9.861652220459280471e+00
-9.331642234023156846e+00 1.327210014295065577e+00 -2.095538034811756489e+00 7.693442500548618668e+00
-4.434161643426092203e-01 4.848841004774978813e+00 -1.264348502325195689e+00 1.055521531532654755e+01
1.355638732586796635e+01 7.334855358163752115e+00 1.161520960290289217e+01 3.827368994099413224e-01
-1.015558704786965372e+01 -1.109538858553105634e+00 4.088916384568612727e-01 -3.349350783628466388e-01
-4.082984536803852649e+00 -4.298244663602138083e+00 7.153042134535735563e+00 -3.052459801602605438e+00
-5.337236386988765346e+00 -1.000675676154916616e+01 1.196355852550834697e+01 2.338896438818080625e+00
2.420872255528398576e+00 1.005303677530745610e+01 -2.963228766946793602e+00 4.640059813797718924e+00
-3.944880456733536267e+00 -4.328968184065546509e+00 -8.195742078769114869e+00 6.011219067536353933e+00
5.985469557747654434e+00 7.677801629979264852e+00 8.426665207193394735e+00 -4.455612965851122098e+00
2.266001043599006781e+00 2.397892737145322251e+00 8.673289304179233383e+00 -5.983774479276680047e-01
9.089891965830256382e+00 7.375139035309098645e+00 9.705518690219976818e+00 -4.500184367239363326e+00
-3.286081247800153315e-01 1.408486496751336503e+01 1.304757040304374449e+00 2.298746612987240923e+00
-2.575126630251665105e+00 -4.859382264792415640e+00 8.488491291413374995e+00 -1.014778260862612846e+01
-5.024881537877429416e+00 1.193975554820061902e+00 2.720715730954084144e+00 1.090832934289657530e+01
-7.950267309255901083e+00 -5.323608082822945065e+00 1.435185647803863596e+00 -5.295318277351180214e+00
1.834065073454358874e+00 -8.139746234409432901e+00 7.690777330697246228e+00 -6.672642843459465567e+00
-2.727352732316958850e+00 4.011407394059941289e+00 3.294021779530596494e-01 9.190149429977513051e+00
1.449493051899103691e+01 1.728332633656188833e+00 9.770878046187494448e+00 -1.185751814294676976e+01
7.066892345162317568e+00 -6.165144666989261779e+00 6.618532937335143806e+00 -1.238275022431728090e+01
-6.243194113188473615e+00 -7.354417425129568642e+00 -4.952867125804427673e+00 1.180410159911912338e+00
7.067598085910910655e+00 8.331698928230492740e+00 1.387047171903616416e+01 9.527068391082433862e+00
-5.100072490523412938e-01 -1.090449389774485134e+00 4.799459217856751891e-01 -7.136672285220229561e+00
-1.026554055079874317e+01 6.198688183871825075e+00 -2.587475187368277307e+00 8.517209941504328086e+00
2.039997265309916763e+00 -2.782917701412485734e+00 4.355624791773093918e+00 -7.923314100350575373e+00
-1.866705581655623547e+01 7.310531596146521593e+00 -5.765583414660255812e+00 8.581112968611780190e+00
4.113520119910401895e+00 -7.610288926175122093e+00 8.171213520512827344e+00 -1.195917958012283400e+01
-7.461047191871572615e+00 -9.675709135163462093e+00 -2.889945101269371985e+00 6.232626718555694723e+00
-2.352350717920159706e-01 5.836374820835778188e+00 -2.396970343382689439e+00 -3.704750055136064035e-01
1.062875688973745181e+00 -2.652840689646720485e+00 1.416238566277328559e+01 -9.925585688226618686e+00
-1.419790845498468812e+01 -5.171579704517855980e+00 -5.465320124657704781e+00 -2.477444673217421567e-01
9.163238483461424444e-01 -8.828962140356605204e+00 6.998427112966796315e+00 -6.401932801220517888e+00
-6.478922378994937503e+00 -6.516143118825645786e-01 -3.796220330197404458e+00 -1.979996666839662467e+00
5.145106110082517503e+00 -2.094427543890782673e+00 1.746648124453386242e+00 -2.571322260663491122e+00
-1.871787212050576743e+00 -9.354154576824885936e+00 9.074159784354536740e+00 -8.375520591950193605e+00
8.620872572078008389e+00 -6.086571916897634438e+00 -7.401606219237573114e-01 -5.231143456370360489e+00
-7.067439258305751260e+00 -9.972777205557953550e+00 -1.656019362522066496e+00 1.974965651770858699e+00
-1.540296771832456946e+00 -4.154012035818933413e+00 6.048368073379599252e+00 -6.231146088242519809e+00
-1.136513070400733838e+01 -3.835004606431200003e+00 -7.186965739377520812e+00 1.793592989279332528e+01
-7.056313741418620999e+00 9.887044877646031793e+00 2.142395543422785487e+00 9.812217414483905387e+00
1.228590256281091531e+00 3.113499307681951045e+00 -6.086859732545739199e+00 5.309068762885251758e+00
4.610105650182125814e+00 -1.686774399786270529e+00 3.035750860863949185e+00 -1.146400504173022128e+01
3.986229461883448622e+00 7.504486371455698190e+00 3.808525465916225539e+00 4.091325782778974407e+00
-7.269499625935793574e+00 -6.413213343760164165e+00 8.023979777526379920e+00 -4.804806287572558787e+00
-3.483979787822875096e+00 6.124313619077445203e+00 -4.952607498424664634e+00 -4.384483115872621184e+00
1.977071034996709553e+00 7.201802849096688774e+00 -8.667588935864490196e+00 -1.829633637040908534e+00
2.816528570936979392e+00 4.092521548171642820e+00 7.062653091821353257e+00 6.539719162624374249e+00
-1.136599396203921231e+01 -8.722435636986336505e-01 8.175369350876790620e+00 -6.316052555862169626e+00
1.537021562477822734e+00 8.564295752200774103e+00 3.755297256579749998e+00 3.414178697917089611e+00
-2.299410539579001878e+00 -3.862056259718753548e+00 -4.388145951325694405e+00 6.324758524159540762e+00
3.458946956201636169e+00 -5.705103619451136865e+00 -8.066278713229269925e+00 1.828582432572698480e+00
-9.695778763253727561e+00 -7.104731082558046751e-02 2.091135527556019724e+00 6.539097815741317987e+00
4.687593171008281878e+00 6.537773978871568303e+00 1.198935858582738589e+01 -3.179294117456807012e+00
-8.491325845321021859e+00 -1.068465866987291868e+01 4.475188231232253067e+00 -3.804548033596947043e+00
4.590816305979471323e+00 -6.118051455047154974e+00 6.785485526110720755e+00 -7.915456963692311554e+00
-1.741763446479676070e+00 -3.630791976152591971e+00 -1.227671548056261486e+01 7.420854134920165102e+00
5.288768607133916611e+00 1.219544390544261336e+00 -1.242477510858980949e+00 -9.347916053171623219e-01
-3.326480019503794683e-01 1.077752587809880680e+01 8.828053050441395655e-01 2.487275328138316421e+00
4.572542862488031545e-01 -8.085725971843778837e+00 -4.322899592519191536e-01 9.049596745443192702e+00
1.349228988633407944e+01 -5.979235948389595379e+00 5.938219165748178874e+00 -6.542966347648592418e+00
-7.345990312442269854e-01 -1.339224359438194867e+01 -1.015089128261628115e+00 1.129419123991317164e+01
1.258613457502634958e+01 3.127985775819059455e+00 5.938641255738173363e+00 2.073806315514953980e+00
6.124415099769257687e+00 3.102361057322444271e+00 1.186904775334456019e+01 -3.739487491677226494e+00
-2.802475124232779891e+00 4.495807635729050844e+00 -4.892351584524519126e+00 7.860511665796637182e+00
-8.340688532078161188e+00 7.974269118691620584e+00 8.227619566304937848e+00 5.903925818636297507e-01
3.159213960203291371e+00 3.840538745234345352e+00 4.686290716398106682e+00 -1.877422777924666164e+00
-8.920302150897898130e+00 5.620651467605732421e+00 -3.031909406351421143e+00 8.233678486147972819e+00
-1.036700925689003761e+01 5.800267652112719219e+00 8.318669138169684230e-01 7.751254976413489040e+00
-1.320954816053538927e+00 -6.455523951536743965e+00 6.997202980488068214e+00 5.209102279546980796e+00
-2.968125996516421949e+00 -5.822056038654073618e+00 8.589600068167380087e+00 -6.507636560697665828e+00
-7.123636242489534975e-01 9.286657371267548200e-02 1.347121224507101189e+01 5.866144874430662348e+00
-4.323077173927534211e+00 -1.189260811499824655e+01 6.811327440893500729e+00 -1.072356018932125110e+01
-7.798932880256197464e+00 7.185574850843373440e+00 -5.090088256033257430e+00 7.932915752927025110e+00
-5.853025072962696029e+00 5.703723680500193183e+00 -5.043516404534358344e+00 -1.626223958819547510e+00
-1.705472689964123267e+00 8.378095143330387629e+00 2.253398629606903292e+00 5.837497818002550964e+00
5.541027554838898972e+00 -5.918242091403153715e+00 3.010089741763571247e+00 -9.311991422981327204e+00
3.751009875561210904e+00 -2.918139936981909432e+00 4.220151806875774625e+00 -1.606677804270977461e+01
-1.098039101626764324e+00 -7.802261353319405401e+00 1.093365823346412569e+01 -1.272782466215602071e+01
7.120601183743302087e+00 1.029728018072138696e+01 9.133443726757029424e+00 -8.392666559058985509e-01
-1.427994887586343964e+01 -2.136867454245590991e+00 5.166941596846784002e+00 9.780300502987056888e+00
2.778448961629644387e+00 4.506115301956985064e+00 4.763167501266796222e+00 1.060819181648035325e+01
-8.677670391651243875e+00 1.421852430976107584e+00 3.095656835421495945e+00 7.302880297045251545e+00
-1.218854543091932285e+01 3.862675783163588950e+00 7.063628888224175562e+00 9.997061762230751825e+00
2.697203338526164451e+00 6.481917071341262826e+00 -2.498620277224633313e+00 -4.368534350895465046e+00
1.524842204837355997e+00 3.886304914951351996e+00 -7.025336047267840556e+00 4.005815330826385967e+00
-1.432191556497483731e+01 -3.379840520002761028e+00 5.432914781812906213e+00 -7.990900647447672256e+00
-1.191470219863007785e+01 9.210971487140566794e-01 9.508226597597055019e+00 -2.524774064751513780e+00
-5.000010314936731426e+00 -3.420468363054993244e+00 1.312202525216994609e+01 -1.323567420478022783e+01
5.710353514382680018e+00 -5.740440454818681815e+00 2.372311162840086141e-01 -1.048128659748467228e+01
-9.934393114547619419e+00 8.031553084729248226e-01 5.273807394472050269e+00 1.094680332259052413e+01
-5.220414508745818694e-01 -4.341329893820274677e+00 -6.631190558237624266e+00 4.256141852232359746e+00
1.180984670941504788e+01 8.957429633916499156e+00 9.575679321459361404e+00 -2.657600254753283320e+00
-3.742358987774652590e+00 1.830870313024789642e+00 -1.273732050500373703e+01 3.263948019118020571e+00
-1.603506141002619678e+00 4.327323567492259215e+00 1.067531995553605029e+01 2.989037502926312317e+00
1.373185304930197859e-01 1.385043741382157023e+00 -3.908126463709080234e+00 3.345394429654784840e+00
3.998820628884317774e+00 3.952967132810124351e+00 1.219662376911443324e+01 8.806733495106113807e+00
-1.117136167306860273e+01 9.135540159818532402e+00 -1.793226174558347541e+00 1.213219158026518940e+01
4.506170219970857538e+00 1.335473499685381604e+01 1.523310031051110158e+01 -2.980993288687089571e+00
1.169572414627747392e+01 3.602403329985335301e+00 4.607288582507194086e+00 3.527393702173414747e-02
1.982103907227017014e+00 8.273794266038313694e+00 -5.964891762066177883e+00 2.328740797075448121e+00
-6.588534417254816589e+00 -4.453417012417519416e+00 6.342013094512982896e+00 5.984106984936175877e+00
3.113236535515240266e+00 3.488814457757197118e+00 7.574864634720952949e+00 -4.619325096022857124e-01
-9.332327131828993316e+00 -5.523154952190970413e+00 3.513109012609498372e+00 2.725664569943263782e+00
2.991798907512155381e+00 -3.698713232294355002e-01 9.962281107593771168e+00 -7.452467110112964477e+00
4.743765597698978986e-02 6.583077168887934150e+00 6.736708094276115943e+00 1.992493226829196606e+00
5.526395201865788920e+00 1.225751560201340773e+01 9.353660219336548565e+00 5.528931030364340193e-01
8.619829674318854273e+00 4.686264739449361727e-01 6.541302724160360071e+00 5.805695187775690158e-01
-4.325677364735708963e+00 -9.208553221101622555e+00 9.749177557579901787e+00 -8.116511960635101275e+00
-1.133535960757742878e+00 3.821560090590128134e+00 7.593364567962964884e+00 -1.354185629561770465e+00
-8.504361624183891522e+00 -1.192638936767434821e+00 8.896979514427533431e+00 -4.437849549644619529e+00
7.777901016268524259e+00 -3.403416027269920097e+00 -3.092376499106767263e+00 -3.906436156441103424e+00
-5.731714016254291444e+00 4.209643665187496886e+00 2.978503755008302445e+00 -1.549620247029625197e+00
5.530578462250472782e-01 -2.428424566357725300e+00 3.290679830626588753e+00 -1.353094667082076086e+01
5.800475048079443141e+00 1.124898737566757667e+01 9.352240381219074195e+00 -2.063203985103048588e+00
-1.274386612972714161e+00 8.319572221524840216e+00 2.852726018976558642e+00 -3.270792524594640316e+00
-2.177405588249912149e+00 -7.872165020706813010e+00 7.886698201344644055e+00 -6.984064761879745120e+00
-1.215368929614963012e+00 1.453832290727734744e+01 -6.316830068476903648e+00 -4.901021205905127687e+00
-6.086977732281299680e+00 -8.199343824527181468e+00 2.620420958095425856e+00 -1.146154180965284297e+01
-6.005543390061292897e+00 -7.862998165345143065e-01 -2.235099525557950439e+00 1.053300433871239861e+01
6.583913167372957176e+00 6.964436630454590826e+00 3.865624966716255884e+00 3.941697446494064838e+00
-9.202677492471785570e+00 -5.628274376479724062e+00 3.211557482527468643e+00 1.093218033568136605e+01
1.818181069707930142e+00 1.116777175415826306e+01 1.654099974969375708e+01 3.578430538376133896e+00
7.038501412515031141e+00 -2.690952382517466823e+00 6.659158485092426361e+00 -2.368415003692485143e+00
3.622659566681199816e+00 5.674749513835654291e+00 7.333278514566958783e+00 -4.364088074318162036e-01
-2.898547928038063937e+00 2.748536553491098378e+00 -4.121092419655271399e+00 4.390154681815054971e-01
-2.080628341424326955e+00 -4.902480254862981113e+00 9.649106639733002311e+00 -2.216172954466009593e+00
-3.878585057235801159e+00 -2.960961206388423861e+00 4.687181912357602620e+00 2.521929816722983109e+00
-8.401044731956234912e+00 -1.430451376266086427e-01 -7.569291767471408861e-01 1.059819515489897412e+01
7.063327173132891268e+00 6.084361700216832425e+00 5.040210032211417612e+00 -1.197841188709251492e+00
-5.374770052854714208e+00 2.429130310945977200e-01 -3.497685904856865147e+00 1.664116370613469620e+00
-1.421888654845425481e+00 -7.681584498201484479e+00 7.982423384209197614e+00 -4.075604522759172177e+00
-5.314502737191780568e+00 5.121136324288211306e+00 3.807454566606791158e+00 4.223798060078710392e+00
1.541999725383015107e+00 -3.870093912937631497e+00 1.090445909656423851e+01 -5.864492385859987778e+00
2.225069244832285520e+00 1.174316721777216799e+01 7.306727791469958433e+00 4.124133494092790286e+00
-1.155035450410205833e+00 -7.524639155255615108e+00 2.552502449611812718e+00 -1.560717083315807585e+01
-5.899262464212934987e+00 1.647262980766161178e+00 2.475118921910433922e+00 6.865429270418667684e+00
1.754426891688369405e+00 -3.147254642697700611e+00 1.222526180602041990e+00 -8.076628752302621450e+00
4.545369547328683701e+00 2.317384944866322627e+00 -7.583323576470188954e-01 -6.777422525117616559e+00
-2.691858036903792772e+00 -2.425267417272513271e+00 4.540252761199290887e+00 -1.142465020042183532e+01
-5.890447568861327809e+00 1.955317287802172288e+00 -4.243345350262800686e+00 -1.121909550539996525e+00
1.330192285877559399e+01 5.624061937104396058e+00 5.845278950006294494e+00 2.421883594751840008e+00
-9.408832271425451310e+00 9.214033747257323270e+00 6.923118252091153835e-01 -6.351730884277135836e-01
-1.059063431404627664e+00 -1.273159301288460998e+00 8.526207278107369447e-01 -1.070729758153252753e+01
1.154869806852893976e+00 7.566398334133062065e+00 8.858073984966086556e+00 5.104721293817737759e+00
6.333231132436609734e+00 -5.015321214659633320e+00 4.396158489938077452e+00 -1.688620940152434002e+01
3.672890971382861025e+00 -1.000419010103053452e+01 1.373167805118939810e+01 -7.629468099247566748e+00
5.974065793654694367e+00 4.909108785573707223e+00 6.231285657232888298e+00 6.918549227756608522e-01
-1.677779817363889947e+01 6.564441748856154391e+00 -3.812173418915985046e+00 9.063348216618955178e+00
1.980612130635460044e+00 -3.727746485985445446e+00 8.984540822037740071e+00 -4.664137596739871050e+00
4.341668159104192348e+00 -1.194676818765253223e+01 3.558715676142104378e+00 -8.011534095618472406e+00
8.794927420950878982e+00 1.035856596416393671e+01 5.426429887318986900e+00 2.941964498357939384e+00
-1.312096140803535249e+01 -7.257987300253185836e+00 -5.877321027783893648e+00 2.632727458324224390e+00
-2.847026370603941814e+00 1.776214174017876068e+00 5.006268466804992379e+00 3.607074721347665935e+00
5.314690280563463709e+00 -4.609924229098005810e+00 -6.663297508862429552e+00 -7.041854848471540862e+00
-5.701204067904978245e+00 -9.611441022096620657e-01 2.668419645686431085e+00 6.323575070607397208e+00
-5.724474644945139801e+00 -5.642178301460934797e+00 1.432785447292179981e+01 4.084948764831590751e+00
-8.423831301744140632e+00 -8.305190508151286011e+00 6.462791666426801029e+00 -1.155574746146183074e+01
-5.596839265707722610e+00 -9.219577630434148574e+00 8.992223431853245685e+00 -1.920540824918171907e+00
7.986838479478694630e+00 5.091877395026392250e+00 1.313288838903821798e+01 -3.080690166469023605e+00
-3.822707111761766363e+00 -4.279442869007874961e+00 -6.050106213314925263e-01 5.660676408423171324e+00
-4.789634906944352899e+00 2.261966113771371134e+00 8.081057347987247397e+00 -4.191889656440936918e-01
-1.377159380345931883e+00 -5.387859642759712742e+00 9.290898462920118561e+00 -9.885590617455333629e+00
-1.916360634237706861e+00 3.076663004469879503e+00 1.097201063717396252e+01 7.002713106833947876e+00
4.337702002413452718e-01 -2.988901577942953303e+00 1.089390349249282508e+01 -1.338157503579302343e+01
-1.831523448363467921e+00 1.407180624789950230e+01 9.656666263549228191e+00 1.398555029821702211e+00
-2.278679390188632858e+00 -1.427301500852419469e+00 1.428012023602445701e+01 -1.287299763175622047e+01
-5.038164129227360455e-01 2.169678453052179989e+00 5.679357349957634860e+00 9.031558594687840724e-01
-4.261075193627100077e+00 8.540404332753730898e+00 2.728451014143330688e+00 -1.784550063605336412e+00
-3.074317369263516397e+00 5.602287412602543704e+00 1.192135160637189983e+01 8.651691421006075799e-01
-6.741572881621520352e+00 3.898269431204941071e+00 -3.701525914260081151e+00 6.648711010138608657e+00
-4.564165006057322671e+00 3.628540411097388230e+00 -4.408958374690752358e+00 -3.514400666383604932e+00
-3.700444052921241678e+00 -4.005670946412431377e+00 1.042226897470029279e+00 -9.819315758831226759e+00
5.375153756978111375e+00 7.824153391034808003e+00 1.017698561675726587e+01 -1.650636337757526384e+00
-8.123810093923481190e+00 -2.796186440020424602e+00 1.280824679557161794e+01 -1.919859215503783467e+00
-7.891319768049003258e+00 -1.357245265047738236e+00 2.230226833212437754e+00 1.095162667114077060e+01
9.064393624923564374e+00 -5.223551105144448314e-01 7.760810219839715529e+00 -1.517829620478291508e-01
-1.855085391671918771e+01 -3.679701884658203692e+00 3.748545868464089548e+00 -4.121030078666635177e+00
1.218825330646803806e+01 1.422383475135257314e+01 4.792464535948925075e+00 1.812197793419957792e+00
7.733761739386824097e-02 1.366637473410675874e+01 2.673757841876009067e+00 5.453332157897161636e+00
-6.405472174685902687e+00 4.994891710245862093e+00 -2.410858758093474830e-01 8.599434216350408278e+00
3.716166226120459992e+00 -7.390421590778188943e+00 -4.581085002552281793e+00 -1.235348835449872240e+01
-5.881172492566117072e+00 -5.786277657336983182e+00 1.183338899469122651e+01 -1.094146410202588982e+01
-1.385747083583038375e+01 -4.451264184998086293e+00 1.433728156853995017e+01 -1.003899632985062063e+01
-1.647859728924664324e+01 -5.309969106234924574e+00 5.781660918572218755e+00 -1.217591595854122133e+00
-4.736444404322471158e+00 2.281008641796710368e+00 -9.547624869474649500e+00 2.152127701351224331e+00
-1.054226987407328409e+01 6.373076223855011158e+00 5.405100911276613296e+00 1.358578896885912712e+01
3.927734064039420936e+00 -2.912790442266496527e+00 -7.311332462776270802e+00 6.260148822529381540e+00
1.837900854983531840e+00 -1.020004335456890487e+01 9.170235781335961178e+00 -6.900424838080226664e+00
-2.766838318602407032e+00 -7.800158755963354729e+00 1.911983832492379243e+00 -6.966263258997825503e+00
-2.658926279998474307e+00 -1.244446784358042812e+01 3.782999301524413660e+00 -5.818076209352993189e+00
-1.098726311763260455e+01 9.536814320894752228e+00 5.231254834841330137e+00 6.091477604206907870e+00
1.714683917819508352e-01 -7.143508587489943551e+00 6.629925034771567027e+00 -6.207479355896604822e+00
7.764471600350223213e+00 3.488301667692606856e+00 1.428263766668939816e+01 -2.339903672666923118e+00
7.434659798457938784e-01 5.080767206339981357e+00 -2.864823936824494321e+00 1.261590890638965012e-01
-3.775847149321577501e+00 4.706354706904652296e+00 -9.105061974782504564e-01 -2.242710125555630096e+00
-1.353685493235106918e+01 -9.294356742883572053e+00 3.117112094796387733e+00 -2.248773180279232342e+00
5.701353622761844875e+00 4.060598547290926064e+00 6.778037513475728915e+00 2.895646542809344748e+00
-8.376183741717484477e-01 -4.167811680792681273e-01 -1.268210009383573222e+01 3.583263836154973347e+00
2.543069507762046211e+00 2.007865682926635031e-01 5.908042885307290604e+00 -1.248429091840274907e+01
1.542178400492572710e+00 6.464366482664997804e+00 8.376618617202208128e+00 -7.322538351322602779e+00
7.374851072588351819e+00 -2.540370277169889945e+00 3.328219486875062305e+00 3.699524850263647746e+00
-1.576589107691228175e+00 -2.867241353131731785e+00 -9.394724677187836548e+00 6.164952944550257108e+00
-4.449619430247410357e+00 -1.262430957607932491e+01 1.216018422174318481e+01 -2.895901174387842225e+00
5.903970324614293830e-02 -3.419221221426405499e+00 1.019041262369880840e+01 -7.244668732004785561e+00
1.270648027023732141e+00 7.388527113942700453e+00 9.062110932261502327e+00 3.027204687240322656e+00
1.313069879488580227e+00 1.041751850601996487e+01 6.808318916358690132e+00 -3.807602916907780966e+00
-7.953755520110093791e+00 -6.734588664035876526e+00 4.613364715713673014e+00 3.590918495084066464e+00
1.145018360934273005e+00 4.556482711140595221e+00 9.944701824445536076e+00 -1.734831661823353910e-01
3.520501526012802085e+00 -4.224615305178812896e+00 4.976252531859270967e+00 -6.749626269824036129e+00
-4.851756266143507190e+00 -3.430659020692515604e+00 2.367746690207549243e+00 9.759967320549819192e+00
-6.738095285056182604e+00 -2.314149538110289228e+00 1.063058498905877514e+01 -7.001286986947246049e+00
-5.897604774779844128e+00 2.872621408054988112e+00 -1.094921986996003405e+00 4.406363468365648295e+00
-8.453045850974778119e+00 7.409261957096413553e-01 -5.161101886686901175e+00 1.691517283630710722e+01
-2.509364246986152125e-01 1.172519203004909372e+01 -5.429483072410603128e+00 -4.822150179388165370e+00
-9.781588934978467265e+00 1.663177510430148054e+00 -9.547715526617104320e-01 1.302420302084600046e+01
5.325161719199343224e+00 -7.131553014577123761e+00 4.242469466847153647e+00 -9.479322625226323851e+00
5.952920070249841267e+00 4.494415532104117261e+00 5.187245812925198152e+00 3.650776993111980673e+00
6.349111116785041808e+00 1.874492505735020131e+00 3.102417087868897028e+00 1.801643076668474119e+00
-7.021575498127903714e+00 -7.101386845024620698e+00 -1.612457707938104612e+00 9.047759160984007565e+00
1.097601117267571702e+01 8.169355265932537691e+00 1.580471060027248953e+01 -6.878743409193253555e+00
-6.884765560524648720e+00 2.700637017723650501e-02 7.821144021224833764e+00 -2.250163233503323035e+00
-9.524950177140278029e+00 2.639998629550390774e-01 5.620893865764157837e+00 -2.392390362307364793e+00
4.772975079866859538e+00 -1.835378433158909139e+00 1.241298380854147787e+01 2.276166808714205292e+00
2.466815943731072380e+00 -1.203712771849101770e+01 8.365548407400002162e+00 -7.673526664508230510e+00
1.330997957874286186e+01 6.890025920909776502e+00 6.362947623388953033e+00 2.924119937532639657e+00
-7.710934602606765331e+00 -6.903590204188650326e+00 7.114834381886041115e+00 -8.657704098439364060e+00
-2.666734843236187036e+00 3.387870760493024491e+00 6.689983624074142377e+00 1.792406062662124544e+00
2.146481738728464705e+00 -1.431483282074457186e-01 9.378523397953994589e+00 1.558429912939263140e+00
-7.671943125068132474e+00 -3.578905756015976269e+00 -2.378460504937575770e+00 -1.463724854572572731e+00
3.808469209157471003e+00 -1.021343790695832254e-01 9.720888406163089357e+00 -5.319921122083552056e+00
3.570773599376542595e+00 5.272235808320131056e+00 9.821437391371556913e+00 -3.094740469204099398e+00
-2.145347798877270229e+00 2.027338565209879206e+00 -5.916681082239329648e+00 7.028245760926508545e+00
4.173407107262654847e+00 1.036066352913269384e+01 1.250897484312668340e+01 -2.598113671789414880e-02
-8.138022617374577550e+00 1.248104099031399628e+00 3.705385231018783809e+00 1.029810258533145806e+01
-2.877992522939015529e+00 6.592323691454643253e+00 -5.674168012520063087e+00 1.666787472463171937e+00
7.365213882490280639e+00 8.336221455111132883e+00 5.092319694208070402e+00 4.166862065553118555e+00
-7.467881053158750504e+00 7.105901171324918053e+00 -4.736657981199978718e-01 1.563877245893247903e+01
-1.049737528093936056e+01 5.179976632159647210e+00 8.741765852713637486e+00 1.020941203422870558e+01
-5.690466775906917185e+00 2.853677446389462524e+00 -9.701549438015064197e+00 -2.564380525730605598e+00
-1.243680996276010475e+00 -2.786625903121479286e+00 -3.190894815855065847e+00 5.187461821078416691e+00
5.913687544304934818e+00 -2.190750732574022752e+00 1.173665461825762435e+01 -9.853572189701374384e+00
8.996871951311251614e-01 -1.372363344613818370e-01 6.812269562047318594e+00 -6.565908110171755574e+00
-4.899218922377202468e+00 -3.474213406532928872e-01 -6.476696039601459454e+00 7.942164024338253192e+00
-3.038403781344691357e+00 -2.600767621548945918e+00 1.113830139448378809e+01 -5.510069460066249647e+00
2.159856319446357809e+00 -7.788309820195424393e+00 -3.940826396640506601e-02 -5.657194701521298441e+00
-4.817488923226171948e+00 -3.356817098005533850e+00 1.083025389155927165e+01 -9.088808785127548973e+00
-5.739194635190546734e+00 -7.459363092363597403e+00 -1.435603417418478855e+00 8.558472411594923557e+00
-1.975907010534606378e+00 1.135283945805442585e+01 -4.778916127853447549e+00 4.223823044783889813e+00
-5.441287751256746574e+00 -7.605535413705482028e+00 -7.536281136418816473e+00 1.561506729353360967e+01
-1.259405667203080625e+01 -3.140098505329033340e+00 -1.389169609825116503e+00 5.215785757559226354e+00
4.212015923240548521e-01 3.331107791797579765e+00 -1.106706709226151375e+01 -1.285316996406804968e+00
3.389348333055161255e+00 -5.844743136024579400e+00 4.124934729962332902e+00 -3.987509146730650489e+00
7.354095363786234962e+00 6.610886771075865198e+00 7.172056199869315307e+00 7.717062411570463354e+00
8.847054585527494908e+00 9.942638176770801195e+00 6.834688727418361864e+00 6.174703037904565761e+00
6.957385905089559230e+00 -6.028909382656871152e+00 2.676640151414162450e+00 -1.395610147508816112e+01
-8.097930917743362045e+00 -3.913983553919791358e+00 -2.339676162491652001e+00 -3.093484102477013664e+00
-3.369550128605242278e+00 1.051341412354460658e+01 7.562952347228748096e+00 9.402148501265950031e-01
-8.376643544501572336e+00 -9.778820133670858894e+00 -5.295383051972223143e+00 8.063466435112836450e+00
1.142981430944713672e+01 2.354252936284381370e+00 8.975542459206634405e+00 -7.694840291489217776e-01
-2.705382418778176756e+00 -7.801579605339108880e+00 9.218876588164501840e+00 -1.328212048928287459e+01
-9.512816381549708211e+00 1.121856280037489206e+01 -3.146396805557432508e+00 1.052328609631296708e+01
-3.395232645385914516e+00 -2.020240280610938743e+00 9.290650699295996517e+00 -1.024548200854011704e+01
-4.174080599734727670e+00 -4.494052053004423897e+00 4.113559181474722770e+00 -9.361762323416485287e+00
1.020114158487060863e+01 -3.119195452569764271e+00 1.041673313576793625e+01 -2.783102947265652993e+00
-4.733852022978791929e+00 -4.156205893973690557e+00 -6.370597010517107250e+00 7.769320097219949872e+00
2.818691894026388312e-01 9.895263349644464412e+00 8.152816087751142859e+00 6.718410558091050255e+00
-3.535031629830925226e+00 2.208241035588820900e+00 1.958263534998732069e-01 1.168035548593209461e+00
-2.486145957075596158e-01 -3.138683941090470331e+00 4.979465142403210365e+00 -1.296366031772602412e+01
-2.699832922741191688e+00 -7.469194346944792784e+00 2.561631325113379098e+00 -1.127682639996219471e+01
-2.115115231194357737e+00 -5.825162944147951549e+00 -4.402866051967563976e+00 3.295294453420429370e+00
2.944360407423484816e+00 4.262541901585048976e+00 3.967428467496243449e+00 5.581026025235287236e-01
-7.116252728965600127e+00 -7.916919687864488075e+00 5.858130003479620207e+00 -2.387520952261275475e+00
9.364743836612579031e+00 1.725518534434285378e+00 5.068303422084960985e-01 6.735113521194839414e+00
-6.955222141688594206e+00 -3.300494665597823563e+00 -3.412515210436939395e+00 3.136246733790714281e+00
-3.104672342914145844e+00 1.725474877382972672e+00 1.127858953022547261e+01 -8.344151997079038097e+00
6.249572110785375223e+00 7.290737124723124296e+00 2.774852217684607325e+00 2.708622438145429356e+00
-6.694374953792912919e+00 4.196402501679907360e+00 3.154874628492274624e+00 6.629007452180044169e+00
6.926778279170602737e+00 1.285776608759617190e+00 4.094684097067583295e+00 -1.022620713512410617e+01
-2.929110361346769498e+00 3.086770260912530262e-01 2.322525064427734875e+00 -7.857249779656038768e+00
8.229688571706727629e+00 -4.512262309665956650e+00 1.082149921393912884e+01 -1.341337417781858221e+00
-8.593796132219955197e+00 -8.185980400985064520e-01 7.270575621067534300e+00 -1.336090895919902977e+01
-5.126410610608436169e-01 -4.168178884749993429e+00 5.412285776438151785e+00 -1.869997607848294408e+01
3.703772157691388234e+00 2.896371528130451622e+00 3.740108538038238173e+00 -2.552354193714896358e+00
-1.640376087964724228e+00 -6.598302414587712938e+00 9.412214731767662101e+00 -5.460043348088072790e+00
-1.432831384736488189e+01 -6.406511305344906759e+00 8.967370867148000357e+00 -7.420170546852312476e+00
-7.631654307624916811e+00 -1.105937892511136056e+01 4.407324666047824024e+00 -7.814089168126949758e+00
4.531857511144210093e+00 2.856348768531091764e+00 4.301266193950042727e+00 4.659029602131203873e-02
-5.524074840082434434e+00 2.807667222254994321e+00 -7.049784709485463985e+00 1.034925508568262131e+01
8.812733269978885176e+00 -4.978088679166508435e+00 2.416088434714029898e+00 -8.335735503203773433e+00
-9.226109176913922738e+00 -4.768042558318103197e+00 -1.142906238142237285e+01 9.144045635984479503e+00
-5.161740660937327974e+00 -8.233366729722746413e-03 4.157222791068226897e+00 -8.832210953128413422e+00
3.354626247667670924e+00 9.830151919651150649e+00 1.040864282359563653e+01 -2.423168878378117785e+00
-7.440399162910522612e+00 -2.517701562614164779e+00 -6.210463658644783891e+00 -9.999915111155717184e+00
1.507526945734928958e+00 2.707215189597875771e+00 -8.838909900397107222e-02 1.428879800650900833e+01
-1.441415376917774438e+00 -4.181658306397232572e+00 2.610853625961229607e+00 -8.861565698903243415e+00
4.347148783368606217e+00 -4.015249969350296766e+00 1.551424136673155374e+01 -1.436695043646294856e+00
-1.815511359328268348e+00 7.892158378709970279e+00 4.562130431533646391e-01 1.056025481864297788e+01
-1.769007614039332488e+00 4.069603614760346488e-01 5.631522299534940323e+00 4.041992942620875162e+00
-5.586559599461989656e+00 -5.090665900520426668e+00 2.554926173673810919e+00 -5.248167462929604454e+00
-1.882671232085748825e+00 8.311403246677727452e+00 -1.258563950643033280e+01 -1.548333126324731079e+00
5.092290990495216718e+00 -2.095238461297920463e+00 -9.875342443317887131e-01 -1.429263142447668500e+01
4.200277661227693748e-01 7.498502730919722303e+00 2.320373009242019613e+00 -4.927284538794546087e+00
4.683676974189201481e-01 -5.768647676244745170e+00 9.587606930067797961e+00 -8.969430472365685247e+00
-4.306131808117008575e-02 2.915888806003930078e+00 1.933887551545156347e+00 6.100732913320609185e+00
7.804325847121010185e+00 3.588728975436778157e+00 1.028004687678776463e+01 -2.635416744990787041e+00
-7.388524427744354028e+00 6.741846875480535850e+00 -2.294387134268872419e+00 3.367851858327919778e+00
-8.122970408811639231e+00 -1.134796511203160918e+01 2.990368552385371359e+00 -1.170873644883071663e+00
-1.197545470615273189e+01 -1.020173552530176941e+00 2.900036253482601190e+00 -9.400228103361145671e+00
-1.665726290776100793e+00 -4.173905528275987820e+00 3.762143173331175205e+00 -1.558722217052969938e+01
1.705317849189549317e+00 1.862707670037687002e+00 4.841792782424889197e+00 -6.882767813011232860e+00
-4.401308794498687504e+00 3.179963302906385625e+00 6.501329746848020008e+00 1.300492908890800159e+01
-4.013312328920557448e+00 3.334146681430553816e+00 4.688941771300497052e+00 -6.511529808570419853e-01
-4.227280987645146482e+00 -1.369627801592343985e+00 1.093059249631547303e+01 -1.236593149984983597e+01
-4.066521204069862172e+00 5.875817859966534940e+00 1.231178572448596853e+00 6.007847450270078049e+00
-6.820915840871322189e-01 7.611615200846065576e+00 1.162959316505861906e+01 1.130763038641933171e+00
-5.823536580544459440e+00 -4.688570912925762890e+00 5.808120551749684779e+00 -8.409457546926173421e+00
-1.105832830861226412e-01 -2.651427115060933648e+00 3.671508289015277704e+00 -8.468299815584947154e+00
-9.273744524613530160e+00 5.779250227776889126e+00 2.814147468284586839e+00 1.010579477103198975e+01
-5.264214039964746128e+00 -7.421848900570045870e+00 -4.214448318740130262e+00 2.757777761087500057e+00
2.788542531875693342e+00 -9.858804184563634720e+00 9.560299067469301804e+00 -1.560271047078999018e+01
-2.968992602970814243e+00 -2.401251101743095973e+00 2.782963755071277134e-02 3.612320724969936059e+00
-8.040401145236479863e+00 1.913746211202647540e+00 -8.789274602155010996e+00 -1.824253758465055997e+00
-1.555173915985373689e+01 -5.865354080611618670e+00 6.204867759370256586e+00 -1.200182864750322942e+01
2.554621762303803223e+00 -8.564932555944070103e+00 1.079972708623200006e+01 -1.072985770612210388e+01
1.256544323587931089e+01 6.026251302482361183e+00 5.376364855683803512e+00 3.046887757711112865e+00
2.310044051134489074e+00 6.434960029085027955e+00 1.452621387711164047e+01 5.932099085201254951e+00
4.425893172205494608e+00 7.789358919880426058e+00 1.014606948013012122e+01 1.401882365960388954e+00
1.671986719398258714e+00 3.037165626953053810e+00 1.677933302113496694e+01 5.732768236505892290e+00
3.166918685177073201e+00 -4.612337592058380231e+00 1.045256941425940500e+00 -4.488922955928266845e+00
-7.652420482546652636e+00 -3.083189400874336794e+00 6.781909218053900901e+00 4.271594654858912321e+00
-1.175826601695928630e+01 -8.671293904690394072e+00 -5.209768599217829532e+00 5.645678466938148787e+00
-1.433984965712101811e+01 -8.485121382417574409e+00 6.727370299472601900e+00 -3.563353842611665101e+00
-7.442585599109531991e+00 -5.955227889703658128e+00 2.591198704841062295e+00 -4.337564514043114272e+00
5.860766599219181749e+00 -8.947238302364681317e+00 6.225161655956854112e+00 -5.269089658534944043e+00
-3.255780625692155095e+00 -4.817284078290304805e-01 5.147928422992558595e+00 8.237729467916179438e-01
4.922587579392956769e+00 4.191753710744380967e+00 4.531835879132213307e+00 -5.778496371541290699e-01
-7.476958609528776556e+00 -1.002185046381317335e+01 -1.030413796727835418e+01 8.064704233880879869e+00
-6.104993724813105871e+00 1.789319665358904743e+00 6.006351222059634232e+00 -5.974097113630245204e+00
1.874697021646963280e-01 3.018679390371739935e+00 7.786178766354227676e+00 4.792062624241149926e+00
-1.799056859605008185e+01 1.227550612016051801e+01 -4.988496034430610626e-01 4.621774561178126461e+00
3.734488771883534675e+00 1.403831828692165828e+01 -7.061139522026035564e+00 -3.032099402551178713e+00
-1.813217687574362191e-01 -6.891009265448618137e+00 1.350476618663381956e+01 -4.703190058341625956e+00
-1.468001168247857890e+01 3.980547383038783416e+00 -8.467962235049377728e-01 8.629774698085665108e+00
-5.761531411412925685e-01 8.682878238062393450e+00 1.008067566055646758e+01 8.905608592569173254e+00
-6.274911599352671843e+00 1.141665400774802563e+01 7.889286712964291404e+00 1.171668472271385752e+01
6.903164879750022465e+00 -1.617826764753703372e+01 -3.028956851450519849e+00 -5.126566584874345800e+00
1.818552508717580229e-01 3.167719178773801048e+00 6.109011801500899175e+00 2.985589713625631081e+00
-5.950113232773056815e+00 -4.495201507776078742e-01 6.178034714843468223e+00 8.826072173143199251e+00
-9.217528190073283056e-01 -3.133415632759233738e+00 5.566149334151545780e+00 -1.077618423979201268e+01
3.843438158959974871e+00 5.866969743243283020e+00 6.039932578072749969e+00 5.366363256365977108e+00
-1.176951404625540931e+01 -1.021602971139481042e+01 -7.106280096438961635e-01 -1.051622446574305236e+01
1.847166242336307107e+00 -6.241319421365805198e+00 -4.820585863535030491e+00 6.844903278110365363e+00
-1.395027466416558681e+01 2.471870858047567676e+00 3.691577162272545287e+00 7.491118247680693898e+00
-8.936380376722999230e+00 -1.634828213770425087e+00 2.275283060273901370e+00 -5.135088303062365966e+00
6.223085108837926427e+00 -8.529808026863079817e+00 3.081877955606074693e+00 -1.167687604006862934e+01
2.878310493312135065e-01 -8.549156449685810344e+00 7.398451050446069210e+00 -4.072330485663013810e+00
3.800406870285311101e+00 -6.652421466504692127e+00 7.457801076330039081e+00 -2.211936655844779054e+00
9.345760989085896142e+00 3.403624066877360743e+00 5.545788970078294966e+00 -6.456089825964994589e-02
7.862497152098375075e+00 1.131187570719496449e+01 7.352697582736569260e+00 -5.789470669752767584e+00
4.310042652252043638e+00 3.707537552860126429e+00 2.785301712871567581e+00 9.495576774157363786e-01
-7.089111619955318133e+00 -2.689794399916802803e+00 -1.757832872956483161e+00 8.502725320495752470e+00
1.368106886881932738e+01 8.345678258806390915e+00 3.240369594994848335e+00 -1.218665936021849694e+00
-6.358873810374011448e+00 -1.047503291529154446e+00 6.718377596071634095e+00 3.845657225275418867e+00
-7.208282231343855706e+00 -5.878167501312409726e+00 2.615046116885693106e+00 -5.567051170362093515e+00
-8.743298337537668274e-01 7.751300743296718920e+00 9.174114597357814205e+00 -5.191526094474139263e+00
-7.609335065044176005e-01 -5.695868647455297307e+00 1.746383501612479350e+00 -1.064618078382984478e+01
2.978599002535712525e+00 1.504333791488306105e+01 3.475325869099704423e+00 1.817539278599000996e+00
1.493463699173629866e+00 3.452238446264304095e+00 5.793550979688919078e+00 3.880429839475461495e+00
-2.267074621078419394e+00 -4.435932281475622574e+00 6.729646960194966887e+00 -9.993596038881227273e+00
-1.444083416417949195e+01 5.540764433169425018e-01 5.853201619802508304e-01 -6.966148303249052098e+00
1.145150045796997595e+01 1.157507254716664136e+01 5.546017957618350813e+00 4.204028963404288888e+00
1.066091381185196951e+01 -1.411058870358162132e+00 3.523803482275454702e+00 3.238010405555808546e+00
4.023296911184820246e+00 -4.328227214698251224e+00 5.493281065558837994e+00 -8.881480990922172580e+00
-3.991677116387056135e+00 2.147304006228523576e+00 -5.599376282377732217e+00 6.103470618216757515e-01
6.801787901126745695e+00 4.323290427144036663e+00 1.058225242472762062e+01 9.656650455466708749e-01
1.067257307700260682e+01 -5.249104425935435358e+00 5.112778384307308244e+00 -6.581053059509209824e+00
-5.395161633583981597e+00 -8.437543864797909521e+00 6.604264653708505683e+00 -7.495387149685015515e-01
-9.934980538903785074e+00 1.578262264889109368e+00 2.597855270022294327e+00 4.315408133205395735e+00
-9.562372133520256057e+00 2.021770147201617629e+00 -2.784007478011760739e+00 9.323339081728830635e+00
-1.415006953897039388e+01 -6.663296850711009967e+00 -6.604177196878837641e-01 6.424747082366153883e+00
9.504199481030285668e+00 9.137760123331128526e+00 6.615372306655780577e+00 3.565869434882812161e+00
-1.949914867002816266e+01 -1.226845577366768936e+01 3.060329602013263539e+00 -5.415185287136137227e+00
-3.042937548577882012e+00 2.296817554406999751e+00 1.503442655539269479e+00 7.202117843269268072e+00
4.703016336032155742e+00 4.477189967950009120e+00 8.875522665990850157e+00 2.848140896403651423e-01
8.128306919927492658e+00 9.262675819865632931e+00 1.572505221143051379e+01 -3.062076383985770534e+00
7.962858780199386644e+00 3.355620791170547790e+00 2.152307344990695981e-01 1.954994052077407618e+00
-3.254693549840562472e+00 -8.451350986224362316e+00 -1.038187406630075671e+01 -5.348722048988012290e+00
4.666836790560498827e+00 -8.066503237428044315e+00 -5.478512251183124349e+00 -9.099036454976001664e+00
6.885770639003538029e+00 3.130570761068562469e+00 6.181382062661796795e+00 5.195643537304339254e+00
2.684946651849827504e+00 1.816420923060126924e-01 1.109721069414060857e+01 -1.165246645054473262e+01
3.579395016319413259e+00 -9.395220202710152790e-01 8.521049011195126255e+00 5.360672385735443690e+00
1.194925519903737410e+00 7.539958005952280828e+00 -5.996868477064311698e+00 2.694700028775864453e+00
-2.750266045467383957e+00 -7.333268856701681493e+00 -1.171336501148315179e+01 8.958262489704814868e+00
-2.460044181833850097e+00 -1.739600582887287139e+00 -4.204269241755111963e+00 -9.672110993462162298e+00
-8.610938552699808568e+00 -8.640098407266677327e+00 -1.603933568638905793e+00 5.021154306141387025e+00
-1.060207821888072566e+01 1.471486165405461932e+01 6.068872341857455055e+00 3.059446802403222421e+00
8.168787569528575432e+00 -1.106745306746796054e+00 5.983091110815293767e+00 3.461789079932732882e+00
3.381163075465714041e-01 2.972499067116794791e+00 -5.821125814768541851e+00 -2.432919859480392244e+00
-7.554102392122832299e+00 -2.758669501190933460e+00 -5.677952845332909781e+00 3.336849188859591919e+00
3.151243939600548494e+00 -1.530362825222451484e+00 1.060911862328190569e+00 -1.068723498185163834e+01
-8.081504159338614102e+00 -7.756159190249595881e+00 5.901332794828569206e+00 3.672718316239002689e+00
1.007236460899914476e+01 -6.884434091849128023e+00 7.006497476117647949e-01 -7.079206434725376695e+00
6.196883337547486548e+00 -8.417127666865757973e-01 3.810569230788646067e+00 6.682225483166392976e-02
-9.533757063414318722e+00 -3.545975711851161893e+00 -3.048779295115593424e+00 -5.364648862955228026e-01
8.540914111226909355e-01 4.558841182368505329e+00 6.171709654663652955e-01 -4.104524821584618621e+00
-2.810973747712487203e+00 -7.240226912452602193e+00 -3.989157699002561230e-01 -7.995912668335297013e+00
-5.313462793121392025e+00 1.079748497035204480e-01 1.345040225392926558e+01 -2.161303713003224658e+00
3.853865272760028216e+00 4.634507263399008536e+00 1.145597719215527199e+01 -8.379342883927429764e-01
-8.702200314056916852e+00 -1.128772042028234779e+00 8.213970510694476701e+00 -5.397997813385665644e+00
-1.584062718591181351e+01 -1.009773026268957707e+01 3.605963434399592771e-01 -1.218784072153271580e+01
7.324712736938074897e+00 -2.666834471500943771e+00 3.820315357901921338e+00 -1.191641357924898514e+01
-1.144244504761882730e+01 -4.857434366021019301e+00 1.059224547622401502e+01 -1.001062778761992789e+01
9.476605853444830529e-02 5.178261507404341657e+00 5.719230996640571441e+00 1.100007657515310910e+01
-2.497362720169566508e+00 -2.082991515170822261e-01 6.258166929373380150e+00 2.956080768131200021e+00
-5.749570958578850366e+00 -4.580890731362179835e+00 3.404754457717854343e+00 -7.890719793318903719e+00
7.615424137932265580e+00 3.838755834532677547e+00 -9.718249196730372574e+00 -3.870745591068407432e+00
-1.016964031182574502e+01 8.524344377810969320e+00 -9.997057279442977951e-02 7.587431483343586969e+00
1.153033298847690791e+00 -1.101019079118686506e+01 1.435379722736432129e+01 -1.456860104221153840e+01
-5.209308039971792148e+00 -8.518225845809300978e+00 2.203733880180332783e+00 7.691355960008197101e+00
-1.243874142803435667e+00 -1.011048925601791737e+01 1.170199124445942829e+01 -6.804068074294121971e+00
-5.649294587176051152e+00 -2.577058417266257617e+00 4.910406279392094397e+00 -2.366600929679227860e-01
-1.196479470830347225e+00 6.590501396607608697e+00 4.596253421989221266e+00 4.352847301347437359e+00
6.529808853851513106e+00 3.713862723542819211e+00 2.048878506753209372e+00 9.821781351386302816e+00
5.053992585128579407e+00 -2.338597211801126008e+00 8.726032151617708621e+00 -6.324435879742646094e+00
-1.140031897473086531e+01 4.083244996790294401e+00 -8.930199019512166103e-01 8.668082000768816187e+00
-1.574547531254360422e+00 -8.792204351634373083e+00 -2.875624086538213220e-01 -1.661960709473388142e+00
8.082794339313149834e+00 -8.268508170092768950e+00 2.511085350539374872e+00 -1.607694906384029210e+01
-7.538132584957514482e+00 -8.062342553132451073e-01 -1.761588915162168867e+00 1.676520263789193876e+01
-3.555744050469080708e-01 4.745083089982486513e+00 -1.326789294859952228e+00 -7.419083686367925479e-01
-2.633194418715719909e+00 4.463667153060386639e+00 1.035943238341852890e+01 6.040932744408523014e+00
-9.772665429300827711e+00 7.279315493304914675e+00 -7.418085259188415215e+00 2.100302049920349745e+00
-2.531553711495853953e+00 -3.903889223963717292e+00 1.422223030560880730e-01 -6.923173001414929750e+00
-8.198445626660078034e-02 1.251117504015953230e+00 1.218844808588259099e+01 -4.424382160526745267e+00
-9.889757266808498315e+00 1.425860328159621382e+00 -5.626847201546912203e+00 7.254895690822149579e-01
3.708802760762663908e+00 3.001321729372365521e+00 6.220188419885859687e+00 3.199327610271359923e+00
1.264873629926221099e+01 -8.235900854641288404e+00 5.463994830372999267e+00 -5.129889772361702960e+00
-1.436202855593384520e+01 3.793684543535231768e-01 -1.257977648433059370e+00 1.220959584610047344e+01
7.351181242614797995e+00 -5.818550468632310846e-01 5.715546206727214695e+00 -1.138016079990546103e+01
8.988357095454723833e+00 -3.106378561539063554e+00 -1.046182483356270509e+00 -3.477168950371565259e+00
-5.691019275503458985e+00 3.325369331897139791e+00 1.476581834044402575e+00 6.134689509524984707e+00
-7.672864358756327441e+00 1.107315093586455390e+01 3.919146085354783704e+00 8.218576897213374366e+00
-1.048804904368888202e+01 -2.151457754291096425e+00 8.002379844241833240e+00 -1.152504259589123414e+01
-8.896976377410886982e+00 -3.854626407779325081e+00 3.550415315196453037e+00 9.878957538708597497e+00
4.383517968005640419e+00 -6.766708736738488383e+00 2.153200611359974648e+00 1.188300694462025575e+00
-9.319146892846008612e-01 1.432476844203725008e+00 -2.661184280491740495e+00 -5.250770095920433533e+00
9.953415859164790547e+00 4.072496019906095555e+00 5.352934649258451749e+00 2.511768965844599855e+00
7.639576608826829762e+00 -7.921441363713709549e+00 4.378028356116807629e+00 -1.122337832028262383e+01
-4.977993524278009119e+00 7.067820514928989439e+00 3.461582698939254854e+00 1.335220234953305862e+01
-3.851743742552225847e+00 8.181061845798277332e+00 -1.079937241317650010e+00 2.219282962616370369e+00
-8.429519662265459345e+00 7.360234116901011703e+00 1.497535397015308245e+00 4.661544464739153071e+00
3.473421910513527777e+00 -1.806614781520311741e+00 1.415482632889746917e+01 9.664282263557772978e-01
9.076854025128092474e+00 -1.308307918742136167e+01 1.233479492617779893e+00 -1.630934012058438043e+01
-3.883062333615328043e-02 -5.368390890501253843e+00 8.964557648747113916e+00 -5.603825241719388117e+00
-2.092714384489777757e+00 5.248335129006440170e+00 -1.065176605852671443e+01 -2.214860113890927629e+00
7.076944156330250202e+00 1.423953186758979683e+01 8.044989337231864823e+00 -1.404135319151295080e-01
7.427961140293127151e+00 -3.919576960687310319e+00 7.096056846911537264e+00 -1.019596619092461154e+01
9.997817322040019050e-01 7.883625428630743670e+00 -9.084972562895611503e+00 9.181655932505742967e+00
-1.442003317926751293e+01 6.976373422495877996e+00 -1.922153967637754146e+00 8.380586017503445007e+00
-7.854275901112040437e+00 -7.381197321319870497e+00 8.937275743297998787e-01 -4.331447621565375883e+00
-1.545935522746537227e+00 8.309250011504639488e+00 -4.631671392774365792e+00 5.055774712658416270e-01
-1.369580163274528140e+01 -8.157774764178567395e+00 6.730618786303233847e+00 -5.540746641677466222e+00
6.362815336521556731e+00 -3.587957611422476489e+00 1.823982446735121776e+00 -1.107845231414477460e+01
5.594849933744461268e-02 6.667565198783941938e+00 -6.141824060837311805e+00 1.890219787190473788e+00
-1.719269243314838214e+00 7.115052780240723962e+00 1.001726943635654266e+01 -8.796438260510692775e-01
8.985895157022774526e+00 3.838899032470076467e+00 3.839260029966184540e+00 5.459772063543598009e+00
-8.226298063590677501e+00 -4.235369322009124637e+00 9.849787481984989768e+00 -6.242329206387140061e+00
-7.769467290093754919e+00 -9.890600888704792482e+00 7.973320308324410632e+00 -8.617976437873371864e+00
6.899735256184182930e-01 -4.684317813566632793e+00 8.016441077051231545e+00 -1.293951568108844441e+01
-1.712869172103240345e+01 3.379336769086124903e+00 -7.178178025043377097e+00 -8.951501348509012246e-01
-4.772223731689728687e+00 -6.532240278527819299e+00 -6.557236298494910187e+00 9.429682054598085728e+00
-1.427851540047463885e+01 -7.173507311630009653e+00 6.246509141624094319e+00 -8.422577470695774338e+00
-8.938466025876371290e+00 -1.192127196145677459e+01 6.778499019058634723e-01 1.100426710373329087e+01
-2.431235516533864605e+00 -7.398487669780259068e+00 1.040817821526154319e+01 3.334825260590251972e+00
-9.639298208708371174e-01 -1.395291884802394655e+01 1.242463943564902706e+01 -3.733686115723772403e+00
-3.571290692193581418e+00 5.459655592895679810e+00 -7.025198549658825620e+00 -1.134550084463091135e+00
9.127528187433195939e+00 4.857807974992492284e+00 1.146295364485276913e+00 -9.206705356020430386e-01
3.061354613772846456e+00 -5.229740412684813933e+00 4.631595557075401715e+00 -7.994982565162207955e+00
-1.310480211575687726e+00 -1.612339093502577647e+00 5.536572682130294965e+00 -1.107533604463747068e+01
-1.711213201895360925e+01 -5.549589911727723646e+00 1.005372384646354433e+01 -5.216281331338718630e+00
3.031709172249601902e+00 1.093234826632914114e+01 8.677084541049827848e+00 2.908985385071262808e+00
-1.192639813001509630e+01 -5.021976588604471381e+00 1.081929665827114917e+01 -3.781825055049056861e+00
6.102346473990523101e+00 4.180806597430251514e+00 3.364669712966214199e+00 -3.381420710565505861e+00
-8.029496260597470680e+00 -7.160416773482404906e+00 -1.000577811133246620e+01 5.141737747768624800e+00
6.214171706077636692e+00 9.216611433530337294e+00 6.804920292011034988e+00 7.884601864979812191e+00
-8.224170802778122180e+00 -5.179861601414179617e-01 6.469715273524609955e+00 -6.218472579739890094e+00
-8.226947608512208632e+00 -1.197657116559642798e+00 -1.065826426641478974e+01 2.068681011145267590e+00
5.928710662949940868e-01 6.453393432099065130e+00 1.019195206522114816e+01 -2.200298688534406910e+00
1.759684371052383067e+00 -6.350014038295828556e+00 5.611639457665633657e+00 -9.208385389507283136e+00
1.641590373338518982e-01 1.105411030314233045e+00 1.009548067892395551e+01 7.946726046654748465e-01
-9.663016726409200174e+00 -2.699477743361312854e+00 4.742560681767331587e+00 -8.211223257566382827e+00
-8.282389661939896897e+00 -1.051721845391185006e+01 -8.829848936633264422e-01 -1.891464829956523985e+00
-4.941338057801843320e+00 -1.741533547040164720e+00 9.454880305734452151e-01 8.920480505268342242e-01
-7.952929725287715357e+00 -2.050074633356406828e+00 -9.386311902186418976e+00 -7.777735805690298321e+00
1.005949100803997887e+01 -6.295600390503892640e-01 1.060794077660668577e+00 -7.418237952493500487e-02
-7.148239131271980185e+00 -2.185897870564886158e+00 2.691915852876618054e+00 6.119767105318088873e+00
-7.333439458909662534e+00 -5.937869388784225322e+00 3.089235168844798984e+00 -7.603141206625549486e+00
-2.420804569466367795e+00 -2.481010968647337833e+00 1.148234901917253659e+01 -2.141556236724805107e+00
-6.246435115920283110e+00 -8.293959359077000215e+00 1.022081833833201436e+01 -4.211285456863937959e+00
-9.288969156792640902e+00 4.887874855432007948e+00 -3.241889697356779010e+00 1.073431220990254076e+01
5.797329775083783332e+00 4.380147636229059671e+00 1.305103966261634341e+01 3.346170003223758460e+00
-2.902314793025432049e+00 1.737805118960396022e-01 1.076566965628691008e+01 1.811247299096227170e+00
6.525843448806579739e-01 5.521865136503573801e+00 8.409227507839359461e+00 -2.079569380636281828e+00
-9.502507210090618273e-01 2.514339697749763847e+00 3.792625062023757820e+00 2.972238831125114444e+00
-1.148729934667764851e+01 -1.123495677388906344e+01 4.894510986075152559e+00 -2.659644295080235477e+00
2.984591883142826418e+00 -4.131721247079787496e+00 -2.486595049944492430e+00 -8.279838408274478923e+00
8.388660412473520012e+00 5.677012624530913598e+00 6.731664086513807099e+00 -2.742924417047478691e+00
-6.168168177583280176e+00 -2.556961008170594685e+00 -6.659151045567352156e+00 5.613577214916801950e+00
1.358622809850177138e+00 -7.229497996067753007e+00 1.141990020932101046e+01 -6.908009193756165622e+00
-2.210826116448861178e+00 9.478327179746246500e-01 1.085988743847708093e+01 -1.159876623578665722e+01
-1.036115453145506349e+00 6.919682024472489701e+00 9.972654064279875996e+00 1.249592568594712994e+01
-3.022846673513314819e+00 -8.167197565653358637e+00 -5.675735360047845290e+00 5.681999995551316296e+00
4.754358585422162164e+00 6.569590004874780398e+00 1.147595392458713981e+01 2.323721938954252497e+00
7.808543712230834544e+00 3.363177556621423037e+00 1.729439637015584808e+01 1.654306187440961473e+00
1.342129090152656801e+00 1.903049025301321695e+00 -1.201657284524573654e+00 -2.904768512204815689e+00
-7.609390209132533833e+00 -5.548201865916975173e+00 -9.926710086087533469e-01 -2.525182830150086488e+00
1.815935175677857449e-01 7.092365738658346075e-01 8.249275682735664361e+00 2.749816884907662740e+00
6.958342364390761148e+00 5.500359076530955349e+00 1.025821131338855174e+01 -1.260769900123911214e+01
7.106746601078151926e+00 2.425632255774908153e+00 1.004290924117561623e+01 -8.548976220763371714e+00
-1.092658012084899610e+01 -1.211535884290751319e+01 -1.485338849126932370e+00 9.516045511252489320e+00
2.882345884331467545e+00 -9.152104416497603978e+00 -6.191223911970755722e-02 -6.346655148346014741e+00
2.754223834926851744e+00 -3.914615245070486527e+00 2.494016130080035420e+00 -8.761612815415185551e+00
-5.753995115108502034e+00 -6.384922783004440383e+00 3.238327861745064595e+00 -3.302228328543822311e+00
-2.146550069538006866e-01 -7.444691492748257033e+00 3.022457612494105383e+00 -1.359783829039693437e+01
3.674086859171237673e+00 6.813403493625029839e+00 5.547756192607655734e+00 2.107101407275546734e+00
-3.369807947875502308e+00 2.172147875644159676e+00 4.905837676385828017e-01 1.422318498641268647e+01
-5.268144672496335446e+00 -1.632114177842294289e-01 3.608326477461244242e+00 -5.023350701507139249e+00
6.613852797695376040e+00 1.001090913787292180e+01 7.280443374470713991e+00 -2.930598812101073980e-01
-6.469730203663293544e+00 2.559989620437134850e+00 4.274308105981822203e-01 8.463098633761177325e+00
-9.226505858731925969e+00 6.471082513498294553e+00 5.071731567500376014e-02 7.976493337650794047e+00
-4.193975827636393205e+00 -1.216526129663748179e+00 1.057256320964360086e+01 -9.941970561164525932e-01
6.232979512979904158e+00 -3.681980284385046431e+00 3.385016351475509389e+00 -2.944536686940785408e+00
4.920082650844737060e-02 -3.955204419791653159e+00 6.844240135959417159e+00 -1.018080785462741922e+01
2.974764290431656910e+00 -5.356337925164663005e+00 5.206252695812706222e+00 -6.429102126417816976e+00
-5.242454845777198003e+00 9.414806612971489130e+00 -3.516846283070232282e+00 1.604345614204363279e+00
7.323055132192601846e+00 6.622781253773629473e+00 -1.888512433687950853e+00 -3.283506059909189645e+00
-5.942101320361096839e+00 -2.961553902178895026e+00 -7.804824601877128565e+00 3.587600085921045956e+00
2.648637543949204698e+00 -1.893809931974624661e+00 -5.507336310413279534e+00 8.936408931877519279e+00
-1.359270989768885052e+00 -3.278081104783990174e+00 6.700109901276883662e+00 -5.399138988822659968e+00
-1.255050895809405542e+00 -2.445148428505103055e+00 1.530807008335524344e+01 -1.216904488422526498e+01
-4.061036772509959647e+00 -1.038473912285286360e+01 2.010317549746719834e+00 -5.275609876557696865e+00
-9.463582824004353355e+00 -5.525574839709276098e+00 7.854515691212827555e+00 1.257678102088726746e+01
1.853888448256282295e+00 7.642523849220853371e+00 1.331511125003849649e+01 -3.164708646577265139e+00
6.662077112242370092e+00 2.778764386072486214e+00 -9.816069304678505247e+00 -4.682180192181529144e+00
3.459356298155324083e+00 -3.041129299321728041e+00 3.296570035137328603e+00 -6.189581073770481723e+00
2.716224629441699179e+00 -8.659596223872917164e+00 7.000430817265557160e+00 -3.984151251840304830e+00
1.667318372267169835e+00 8.654456979959629592e+00 9.564379202988851247e+00 -1.121567124847532426e+01
1.388336331884258534e+00 -3.208324710634840926e+00 8.570350051541606007e+00 -6.617806320493317074e+00
-3.153247195369845990e-01 -4.200535626703749692e+00 9.529552640308654787e+00 -8.622657973293257783e+00
5.657962554917853382e+00 8.044458261881246131e+00 7.450428253264749223e+00 1.029346232115369686e+00
-3.131083727283641593e+00 7.501337038951582770e+00 4.502118684054829068e+00 6.395407852970343754e+00
6.779272019259230397e-02 -2.825659688864199381e+00 -4.719777239611927300e+00 -3.521429989078102007e+00
-6.494332550560037554e+00 -5.472552293198735818e+00 -6.178029512620353714e+00 6.726377152886233723e+00
-6.430241659866994475e+00 8.885946893693244419e+00 -6.213039641595975660e+00 1.988461302915119688e+00
-3.611429515774624122e+00 3.409083926744625792e+00 -2.281423252397378754e+00 1.008195209016314209e+01
2.851949490474856019e-01 6.369457652747957610e+00 4.027192989636768417e+00 -2.932115890859089191e+00
9.600838345255118256e+00 1.629232256693955350e+01 1.458128885896036842e+00 7.691726242415725778e+00
-8.375904008006408219e+00 -9.511734288532245785e+00 -9.179107758194180455e-01 4.379781724539230758e+00
-1.534649561371401560e+01 5.732543749626875851e+00 -5.091588682422680812e-01 9.508768661794499977e+00
-2.993266264124381237e+00 3.768579116423773634e+00 -3.350830553527145428e-01 8.853700084167510198e+00
-8.215381095186717886e+00 -9.103332745246600410e+00 2.651726552675318871e+00 -9.803745211090818756e+00
-8.835634724752191360e+00 -1.260710221584586677e+01 -7.854428291238687798e+00 8.115427776991900544e+00
-5.856375178715182095e+00 -4.469354799103138376e+00 7.456698477530927072e+00 -5.609918640041219540e+00
7.707913869838050047e+00 1.967916067642103251e+00 4.353177348283987058e+00 3.466208922625900080e+00
-1.139544938135558283e+01 2.600091362222290314e+00 4.398186567352536436e+00 9.137215868145052156e+00
8.252329742279318481e+00 7.397113372026065115e+00 6.440096739473773368e+00 -1.170652479345324570e+00
-1.427139977350825539e+01 8.838318093676234000e-01 3.919653667656892715e+00 -5.811197427489600997e+00
-3.007551226182490822e+00 1.125332406445418165e+01 -5.586179000574130749e-01 8.387534867328566790e+00
1.047807215110155177e+01 -8.113265775117056933e+00 9.748712753772110773e+00 -5.169506078985840247e+00
-8.404137726032507416e+00 7.129802607501327216e+00 -4.717659207182665071e+00 6.799787506708913298e+00
-5.393969222108156103e+00 4.356215835150616833e+00 -4.357849891564010036e+00 2.730249874916486963e+00
8.965058026042482808e-02 7.306984317032840792e+00 -5.900615270910436472e+00 -6.657964307067791410e+00
8.984407965779020344e+00 2.656469601553996362e+00 7.245993597500225647e+00 -9.496402210120113097e+00
-1.107499462901177267e+01 7.071334924311144299e+00 9.957338651721775458e-01 1.469542851018828422e+01
-1.280870488046172895e+01 6.394478943922649705e+00 -7.307415729550541528e-01 1.278754271254607033e+01
-2.799793388208714262e+00 -2.512829565058954717e+00 8.441746949856041127e+00 -1.103611805135922452e+01
-6.525393543324955026e+00 -1.100662406726653941e+00 9.825619669648656185e+00 -9.585567396698557729e+00
-2.333578222898579746e+00 -6.073817841408845730e+00 4.314283314947250147e+00 -1.219808813317688845e+01
-1.171748888296571867e+00 -1.072618226086222748e+01 1.241890763350107107e+01 -4.328210952976103698e+00
1.880555595834225713e-01 5.395874470058674710e+00 -7.423313836935564680e+00 3.834249227796743931e+00
-3.138068743976496044e+00 -5.007947550026183414e+00 -9.963794644629935249e-01 9.216489081000693417e+00
6.659993582475835616e+00 -7.221789991269162989e-01 8.903810726841175693e+00 -8.239670242727441973e+00
-9.264281171773873780e+00 -8.643277374800479862e+00 -6.457876923759212850e+00 8.777072324391976821e+00
4.893078394402604836e+00 4.324707395702469981e+00 1.390494257854468341e+00 -4.924787277788848172e+00
-7.054779095753383800e+00 5.245563992878561344e+00 -3.672674138633792440e-01 -2.029424472113268152e+00
-1.243218899237384178e+01 8.242283579731770615e+00 -1.442282530643936855e+00 1.240615184755222522e+01
-7.665210763670121885e+00 -9.457333764073379001e+00 6.307273490416935857e-01 -6.524121769466455945e+00
-3.676518609598843135e+00 -4.060858083478546376e+00 5.687061277698185258e+00 -8.252233292348368110e+00
1.208679826925837641e+00 -3.319942952950649229e+00 7.627457005822916081e+00 3.057945862187627206e+00
6.372713269167778805e+00 -1.447818468340305031e+00 8.255583611329253557e+00 5.455196082294913040e-01
-1.226165383434032030e+01 -8.425441180662346596e+00 5.842444319887698079e+00 -7.074983048348856052e+00
3.181378622451753735e-01 -1.678969062102360077e+00 1.239066196439877565e+01 -4.432621507567084507e+00
-6.627405549515574812e+00 -9.026307827926984828e-01 -8.868721514616300539e+00 4.399006966009786801e+00
-1.437277923337188668e+01 7.252498859128001740e+00 -9.302912331438981663e-01 1.150715044288445199e+01
-5.034482591993967304e+00 -6.493124141407307093e+00 -3.922610695337208409e+00 1.021231650304054561e+01
2.736259482500709161e+00 -6.968908735904024709e-01 6.294830036068360002e+00 -1.097046294888709816e+01
5.188504594564565586e+00 -8.551629773239371346e+00 5.963994467830793234e+00 -5.708625110721008866e+00
-1.156034752322693393e+01 -5.658716076468143896e+00 -4.238456086116572763e+00 -4.139259537393087385e+00
-5.630578308663501952e-01 2.608003726376456388e+00 -8.292793131492583569e+00 -5.524972816746917204e+00
-2.769470785837940596e+00 -8.992936270380880615e+00 9.006398728496831652e+00 -2.216431730350393092e+00
1.273542377985149354e+00 -1.054152632818698976e+00 -2.310896274340526357e+00 -5.438192185783340626e+00
1.365954981586934958e+00 5.289714376340866053e+00 8.635081525497007249e+00 1.634767319150206344e+00
-2.446421581947973767e+00 1.888436836755404968e-01 -4.308242218575182747e+00 -4.721834156372307412e+00
-3.836747750466196649e+00 7.597259069109520979e-01 -9.121868231030614282e+00 -1.993881602004410891e-01
6.514036492560103531e-01 9.743827716293167462e-01 2.921729912860985490e+00 4.158478265801184293e-01
-8.077802473622703872e+00 6.086356191318150977e+00 -1.231098586627734637e+00 -7.565999587707413099e+00
-4.466798542346245071e+00 5.528233925073777755e+00 -5.566439599469311439e+00 -4.509383844687897103e+00
1.113984036095310159e+00 8.367580064349041891e+00 5.676291649641461490e+00 6.868205556083332164e-01
-1.644030771647555289e+00 5.509451540107868972e+00 2.511485738682606161e+00 2.530832517454578712e-01
5.814795269504569930e+00 9.151726714954655506e-01 8.059599607271895394e+00 1.901320731931883889e+00
-1.131196396337326959e+01 -1.519668999901123030e+00 5.276639391399108092e+00 -7.199077556510121489e+00
-4.628549470951358380e+00 -6.696579211844798429e+00 4.844186035568572635e+00 -7.382280064529212815e+00
-1.108743826613527217e+00 7.627445546146699229e+00 -4.013839356198307229e+00 6.614449704060052504e-01
3.870308592821006588e+00 -2.115544788538328724e+00 5.185667016197794688e+00 -6.179189963002510666e+00
6.794650030236971006e+00 -2.735259167860697893e+00 2.441603375056233816e-01 1.080420632839047101e+00
5.542047612700033987e-01 -6.826148642416521639e+00 1.103450171069156127e+01 -1.255342077433769532e+01
-5.464843410574975024e+00 3.779838058556756586e+00 1.536796699705249836e+01 -2.364737677086745649e-01
-1.175899297411968547e+01 -3.713691688446541406e+00 -3.314887520087141048e+00 1.156780821098849543e+01
7.938803395928309747e+00 -3.389333323545704602e-01 7.563322441317135159e+00 -8.625951769870203734e-01
9.230083551438040601e+00 5.667534955874511837e+00 1.695976383674821264e+01 -4.081419637430885317e+00
-4.808412149465118191e+00 -3.237398566361022745e-01 1.117854415144062585e+01 -5.638280418484779233e+00
5.823434788901078463e+00 3.534011980797258534e+00 5.278902426020568583e-01 -2.780912712864119118e+00
-5.661263071375332245e+00 -2.481506097095016905e+00 -2.637127463304983710e+00 2.404361528145656290e+00
-5.265022233165774779e-01 -5.168075668267396949e+00 6.873759411416319409e+00 -6.822141180411940731e+00
-1.099965171720369561e+01 3.339096675040536422e+00 1.424511898018915979e+00 9.974264162225740193e+00
-8.787669566038582403e+00 9.427140535677324351e+00 2.108860902477198707e+00 9.924106079107485101e+00
-7.462100911497205225e+00 1.960234918375586943e+00 -9.356918927622521309e+00 9.429501226110369672e+00
5.929405906566367790e+00 -1.872387741921718085e+00 1.881413287244777965e+00 -2.037259763331319640e+00
-1.213069918425728133e+01 4.676835377853844733e+00 -2.302878800279011706e+00 9.808490780211370108e+00
-1.080509780665911634e+01 4.134356155470062077e+00 4.189182595474951198e-01 1.101038152681558202e+01
2.789606991802850544e+00 5.984974934868002805e+00 1.339055197165886391e+00 4.059522432034222916e+00
-1.209542215356173012e-01 6.578726068972546415e+00 6.472646910907131179e+00 5.376682466996238752e-01
-7.673485757442406019e+00 5.402488172081332252e-01 -5.369902610312283997e+00 3.518218806989944270e+00
9.381844649576963846e+00 1.077950456276992597e+01 5.525334305431418791e+00 8.299014948401280733e+00
-7.012142602410242898e-01 5.104770068237363567e+00 9.399369889271127931e+00 5.696506688008993180e+00
1.135551950394114229e+01 9.556886748266137488e+00 1.330548715179942754e+01 -1.085568799964011788e+00
2.879383467307070177e+00 9.414766610459195384e-01 2.343595201839718811e+00 5.249323567246850786e+00
-4.310664311470404186e+00 6.866312670478660785e+00 8.479599810435498597e+00 9.443587275982537221e+00
-3.767562940511605341e+00 -9.761941074423901910e+00 1.088524211767517968e+01 -4.200409668126278362e+00
1.039363855857640573e+00 -4.183588025737907223e+00 1.024261200955432294e+01 -4.850304281049680810e+00
-2.752847831139195733e-01 -5.641039200652011587e+00 5.868756045178393776e-01 1.810613063702756875e+00
2.208290492479996203e-01 -6.718025629094459106e+00 3.916854872902262308e+00 -5.560429999379493005e+00
-1.264393831847230310e-01 -7.640686476734756205e+00 1.086163357337688140e+01 -1.516667767259216149e+01
-2.969551912588699771e+00 1.031512696429275344e+01 -3.362413847562669034e+00 1.002999448193571830e+01
-1.675008538593865115e+00 6.874747465151745729e+00 5.439017169623878267e+00 -1.171710653642110245e+00
-5.436411859881801867e+00 3.807598355025232806e+00 1.146422824026694798e+01 -2.946776300022897033e+00
2.587538957137644591e+00 1.369955348361105774e+00 8.660824963114864161e+00 -6.437888548892010121e-01
-4.175423792358754937e+00 1.427514393478401367e+00 -5.864801064176983658e+00 2.604229755195183404e+00
-8.694197464004519205e+00 -6.575931482883169643e+00 4.114588244777508841e+00 -5.307693707878610390e+00
1.493015811594263109e+00 4.206673344418626392e+00 2.741334605047325734e+00 -4.195349645344821354e-01
-1.102969880735569230e+00 -8.578968173643239936e-01 -1.212088144263968381e+00 9.281232949819115952e-01
-3.721458958520042160e+00 3.820968034171592365e-01 -5.605889217977334305e+00 -1.905213122556375982e+00
-4.457328225554965329e+00 4.801191122797020761e+00 -4.177621710530080579e-01 1.058290377043752883e+01
-7.904543683071109328e+00 -9.018685693303110540e+00 -2.111170465889307124e-01 7.704548852480421317e+00
-2.323128688939623210e+00 5.598165892796656884e+00 -7.662526790139530419e+00 -5.574714732165618969e+00
-1.281940823513471983e+01 -1.891451496217955608e+00 4.729526036287801993e+00 7.702674462415118661e+00
1.218662882493777522e+00 2.756978788929585811e+00 8.836573618383431139e+00 -1.431650468026172796e+00
-9.570425503935833689e+00 -7.011212130421264455e+00 6.479311367496745078e-01 -1.026933496010610902e+01
4.632783843235932508e+00 -7.313821227670009861e-01 3.643444727005702433e+00 -1.223507908949475143e+00
4.292071580303089107e+00 3.947789261837939545e+00 3.533767157936718029e+00 6.927004867182150250e+00
-1.881975482837064062e+00 -5.375780309184738925e+00 1.265721005292133583e+01 -6.062912791634925469e+00
8.539995089471856815e+00 5.041252915991400130e+00 -7.908384754117643745e+00 2.668170824083878845e+00
-4.169500012868475380e+00 -4.634693983597606426e+00 1.968378003899881712e+00 6.705143956525979831e+00
-4.742956838866700942e+00 -1.469859512519827938e+00 7.915485109494005300e+00 -6.752934516292578238e+00
-6.388436593829766252e+00 -3.322449616071245782e+00 2.725698689470374525e+00 -1.012417210182738181e+01
-7.159111776472001587e+00 -4.652622775626113594e+00 -2.980406623798337762e+00 3.331151019456120466e+00
9.289058590941944971e+00 -1.623490309516515850e+00 7.067427077398700241e-01 -1.839747225107815964e+00
-7.310016137931810043e+00 -2.734933508580438932e+00 1.254129824257872450e+00 5.425940741667861111e+00
-4.775400091950273485e+00 -4.820579184296109432e+00 9.849305154133517703e+00 -3.352310144426104088e+00
-5.462314177180465080e+00 5.478906444381316021e+00 3.380863492803124259e+00 1.077621109319340675e+01
-4.546097055161970601e+00 -1.335163469091420030e+00 -4.351098705252257837e+00 6.108223956802763865e+00
1.334144411754778936e+01 4.285487092598625480e+00 2.428195896033341405e+00 3.289850934313470532e+00
-1.962525026373455272e+00 -7.320526662821480457e+00 8.801217138082259694e+00 -6.020232100423802635e+00
-2.381095161144544115e+00 2.724942416263805178e+00 9.073580663308838723e+00 1.653578369043349872e+00
1.968104299441245875e+00 9.777374984750402120e+00 4.515399015122143922e+00 5.094063028294645079e+00
-2.976592171857436186e-01 8.928043441919603751e+00 7.197807327175823389e+00 1.107320512403733659e+01
-2.238155482746814862e+00 2.266270661645604534e+00 3.011516933268317153e+00 3.825921487457081938e+00
7.960195133618760188e+00 8.070074289054549155e+00 1.529781018816740001e+01 5.321457910002129310e+00
-3.214019579038727592e+00 -1.191957627433828115e+01 9.331858562897847875e+00 -1.097939723949689927e+01
-1.436176925077934285e+01 -8.520472568801906732e-01 4.333187578792220052e+00 -1.095226790219293100e+01
1.039277851686592058e+01 8.208213314310933484e+00 1.152184717789766744e+01 2.513611916962503190e-01
8.989334884445293383e+00 1.161813613447477422e+01 7.763134812387279204e+00 3.044938498751904810e+00
-6.812200064990547865e+00 8.726016263294470221e+00 -4.468984286882223600e+00 1.058626302546836939e+01
-9.552769523794582440e+00 -1.318393781436718371e+01 -4.488136227184833515e+00 -8.794410689088682176e+00
-5.761240069227799410e+00 5.818310408866556926e+00 -4.654520558047667400e+00 2.110898997099832641e+00
8.116545692762159092e+00 -1.182163966679137346e+01 1.121764121026816774e+01 -1.312041951934660133e+01
-8.156826899018078336e+00 -1.027412181127022706e+01 1.407059134700673297e+01 -6.336783757925630312e+00
-4.883572798052341568e+00 5.355377706336517996e+00 1.480040940891155898e+01 1.074249854149672956e+01
3.773142783514488841e+00 6.972638362073420026e+00 4.672305579498885919e+00 4.514666996770730023e+00
2.410165568542222303e+00 1.287567387693896137e+01 1.110775122587837416e+01 3.623515053702818900e+00
-1.532752741517919759e+01 -7.203071632333175600e+00 1.627321054661058497e+01 -8.340950079453666177e+00
-8.523713650959320987e+00 -4.183977247556919465e+00 5.182989973032303688e+00 9.714122889522258220e+00
-1.225468971900434134e+01 -8.012443297964967570e+00 4.821833142041090703e+00 -6.031560712508817979e+00
-1.584000807096597185e+00 1.109952044126730897e+01 3.739972491389426335e+00 9.896966016469617600e+00
-7.796765459164781475e+00 -2.780623986960167215e+00 6.548881992327756585e+00 -3.572551127913979663e+00
4.514522085263477535e+00 2.743328517667436905e+00 3.939450879116389803e+00 2.028149775304185276e+00
-9.442705790490016682e+00 -3.941436437257860526e+00 -7.497903707932273676e+00 6.452383960194268298e+00
8.947815321743320283e+00 -1.256822419675091318e+01 8.044980550299868582e+00 -1.133765821961867104e+01
9.234547645620772016e-02 -6.485761623441065993e+00 -2.312903942362211751e+00 5.044665639242625232e+00
-2.220383964472630645e+00 -3.959417917907250839e+00 4.554720145670845710e+00 -1.229571988200957833e+01
-1.587599841955574576e+00 -1.113004054968553369e+00 4.050959308593525598e+00 6.548543701835793485e+00
-3.496582593338966483e+00 -6.996433597548477934e+00 1.344710317742160122e+01 -1.199199413133841752e+01
-6.434058261431575554e-01 6.849324672536073244e+00 -5.207416190644114096e+00 1.799414100201232714e+00
-3.335173062788157061e+00 1.191762673175085663e+00 9.119603507884367133e+00 -3.805370048700259744e+00
1.144033534602046487e+01 9.413873275186036338e+00 6.767910610228390134e+00 8.348571805580295546e+00
-3.647051356328474103e+00 2.910241848593789094e+00 7.708607666721639440e+00 -9.577572653588447338e+00
-7.494114957907296315e-01 1.335030735720300044e+01 1.891628564006559710e-01 7.544593798976999999e+00
-1.996636332928396707e+00 -1.151264249866384226e+01 1.477771109468947941e+01 -2.474317931965746453e+00
-9.907892124487654328e+00 -9.256171526771444391e+00 8.893940628966550577e+00 -1.148489690884274950e+01
7.959302156016851981e-01 7.592622817221531761e+00 -6.144157506332176055e+00 -6.520183400799628437e-02
-1.093596016872157861e+01 2.920016747553462189e+00 -7.454965731912903681e-01 6.210849248986773929e+00
3.570320098541841958e+00 -2.942954651517879938e+00 1.131584870908245932e+01 -1.109247294422393715e+01
-1.057252387832165397e+01 -1.628369955719760043e+01 8.485635804746850752e+00 7.233958677824876560e-01
-3.423785499771096141e+00 -3.073735562644841934e+00 -3.238786040103508679e+00 8.960160567743898241e+00
9.735433959747368249e+00 -1.087386701588132887e+00 1.381730253996771296e+01 -1.592766914573353887e+01
8.121332415110197545e+00 8.570993170725344612e+00 9.547245686212308513e+00 7.217594636619801829e-01
3.462231685384669966e+00 6.105411288892588217e+00 1.137608498423051628e+01 -4.879877341764172094e+00
-2.598751676834927693e+00 6.078966803402438224e+00 -3.876672001111549193e+00 4.636277379452976355e+00
2.409032412463226080e+00 4.147088144407590882e+00 -5.663616647625195455e+00 -2.487940385091243378e+00
-5.118014859910077874e+00 1.139484627982078635e+01 5.831856290469715987e+00 7.094346917100066818e+00
-1.179364793677000200e-01 6.074207161557350076e-01 -2.832568169345130116e+00 1.281133622323509691e+00
1.138389937150885434e+00 -9.122527667179827660e+00 -1.291662819328284861e+00 -7.625838497595048615e+00
-1.244967902413253569e+01 -1.111954502789646426e+01 5.195549499456284082e+00 -1.053713267171207235e+01
2.661457093276335950e+00 3.245243332349915910e+00 -1.369251678629415991e+00 -1.013659719600208398e+01
1.028744777603107785e+01 6.348265135889512578e+00 7.980037279263537009e+00 3.815984962853871565e+00
-1.073469885013673064e+01 -6.138956980655047246e+00 -1.627243478142981647e+00 6.737914641357777512e+00
1.270954309960089113e+01 -2.658307721387588529e+00 2.706114509927291856e+00 -4.203225563046737889e+00
-5.108399189875505009e+00 7.348332668634644627e+00 -2.597096448480439967e+00 -3.805464355477624849e+00
-9.339304354219301274e+00 -4.077829968568946306e+00 -1.138675180899068096e+01 5.889714902831536314e+00
-5.281927986026033750e+00 4.577270401172090608e+00 -5.035291448192669606e+00 4.203888766459649595e+00
3.146975876508788517e+00 1.258783291443553942e+00 -4.022074244066918602e+00 3.618606207177085032e+00
1.033425933739165714e+01 -9.864360314121864093e+00 5.351906210152766796e+00 -1.242301362009449761e+01
-1.017723374588862661e+01 -5.035391760514571047e+00 1.641874432232044434e+00 4.219492254988508328e+00
-2.428559172284749934e-02 1.286582186442322850e+01 7.833514073617874551e+00 1.018193072663834542e+01
8.211149855744988457e+00 1.167662892279812148e+01 6.857640811835917560e+00 5.960355929150969345e+00
4.510105599128658938e+00 7.327894742027322827e+00 9.446778911510465448e+00 -3.356326238033563669e+00
-7.063629726492478333e+00 -6.847707832397604832e+00 -6.821084433785165935e+00 8.337833621221534486e+00
1.899033389378464776e+00 1.053135175776326804e+01 -4.132261915554885867e+00 1.480289211937301896e+00
1.433404335342317815e+00 -3.543912845808685930e+00 -1.065291773111619911e+01 4.562270321578499654e+00
-4.380204213603379415e+00 2.635941066542132116e+00 1.032771450012658399e+01 8.732537463656312227e+00
-4.526985803614027581e-01 -8.890156843136050924e+00 9.378986133646893819e+00 -1.166502232280745233e+01
4.234562638916039568e+00 -8.157684063612858694e+00 7.948386434335557027e-01 3.851973938245755846e+00
-5.895124370140633729e+00 6.115411222346915920e+00 1.102408716459403415e+00 9.586638822074551314e-01
2.282764108493243960e+00 -4.318325967058626702e+00 6.703401170314249313e+00 5.852565075647078174e+00
1.371630184360322957e+01 9.351430156801157523e+00 1.057901433170998473e+01 -1.250361896341893875e-01
-2.179071525899610506e+00 6.033993670836367507e+00 -1.225581011138842769e+00 1.264154537159248859e-01
-9.317683886446323172e+00 -6.509375722361978589e-01 -9.038533313680328973e+00 -8.380024863296904769e+00
1.107177358674601209e+00 4.491312208376784021e+00 6.941897784581255948e+00 9.093566548014813122e-01
-6.193581305623750310e+00 -8.799406684046125804e+00 1.966723936914452242e+00 -5.015922132471166250e+00
-9.680482623733306369e-01 -2.329170201821776587e+00 2.909735370933768550e+00 9.487222518573151575e+00
2.703649468470707085e+00 9.796262002265134328e+00 -2.999863111023451268e+00 -2.478107112725599914e-01
2.608947120602261194e+00 5.598314166901371181e+00 -8.557110096861622495e+00 2.517628792132426963e+00
1.367944433469075793e+00 1.120307138477157949e+01 6.664389849769927210e-01 2.018427363594828439e+00
-6.045094894120726536e+00 3.929470967730936515e+00 -1.071236391045611747e+00 1.442737442914994972e+01
-1.112164986600977956e+00 7.518468789722856371e+00 2.029666688975544808e+00 3.476532991534095007e+00
-6.669430559355394861e-01 1.494157108189153149e+00 -5.940882549881951746e-01 -2.440820525410543507e+00
-1.849873429631862187e+00 1.233581152722770113e+01 -6.847059310730044146e+00 9.797110738484546388e+00
-1.254982192024903043e+01 -2.568648865051581076e+00 1.326021012814587863e+01 -4.923805803136213299e+00
-1.143364894057932801e+01 -3.225786213181751627e+00 9.735249250468186233e+00 2.411183095995338199e+00
-4.434535265480334054e+00 -1.026872665407175589e+01 -1.015782790727189422e+01 5.795912648587173699e+00
-7.513040830492505595e-01 -5.769865425268007719e+00 1.036138760777123835e+01 -9.105843552602657098e+00
-9.118367020740112849e+00 -1.747290830874967948e+00 -3.174246587099448735e+00 5.624543308187951673e+00
-1.442196619099996369e+01 -8.379016914304248331e+00 7.988205722716480217e+00 -7.678019916041879611e+00
-2.975098424074718473e+00 4.557794949738193324e+00 -1.031208983451229599e+01 -2.118413682668041087e+00
5.331091701745970468e+00 -3.841038627091457602e+00 -3.936866353812616737e+00 -8.942992003685565905e+00
-8.066650734631899411e-01 1.066624312791539886e+01 4.308828604447501043e+00 -2.556054164645025661e+00
-1.342221364764698777e+00 -2.536483569090486334e+00 5.094880124710021718e+00 -5.842527437671524382e+00
-1.625725185901538694e+00 7.680830073367483024e+00 2.232420102391242889e+00 8.266586125412937136e+00
9.419854517049941478e-01 1.076485036006939211e+01 5.214305231450673261e+00 9.081687629334130207e+00
-3.071338397309818724e+00 1.565428952609375202e+00 -2.251890559357627719e+00 1.389945671305054375e+01
-7.792187642206965137e+00 2.642972013135702625e+00 -8.366662979310770520e-01 8.415144322373549812e+00
2.613485924846904673e+00 -3.443149688676996334e-01 1.133787120407004778e+01 -7.210335002154896422e+00
-1.952743337555533643e-01 9.705315427964411157e+00 8.958638849123570225e+00 4.144745177146269555e+00
-9.957993543912770917e+00 -9.475960149536994948e+00 -4.780129329837538243e+00 2.635929118155192707e+00
-9.444271577578451371e+00 6.303908156860127399e+00 3.713197275584932289e+00 9.212924318551198866e-01
-7.774078566142679669e+00 5.790787385636032347e+00 -4.730257299766780221e-01 6.845148833421415446e+00
-4.455115319248584171e+00 2.473434099567942024e+00 4.215525728845568310e+00 8.422069193593317848e-01
2.214018120858332050e+00 4.159380383999604192e+00 1.631763354339189576e+01 4.691199583553742336e+00
-1.078698383770362312e+01 -5.572995178226588742e+00 1.047800037590413780e+01 -1.422423112594631434e+01
-2.569620258456734696e+00 1.349291355804860260e-01 6.498589054027444689e+00 -1.064946555049912646e+01
-4.982714762476691206e+00 3.696023407964422969e+00 -4.337644521134581765e+00 -4.920201762361804398e+00
5.061300449595887763e+00 2.115052232809462307e+00 -1.736796239206972459e-01 -2.487581177022576640e+00
-4.131386888667870849e+00 5.470949979741437375e+00 -1.817582991617342714e+00 3.368634753201115828e+00
2.246703138686055645e+00 6.880699349892971384e+00 1.053359095425176939e+01 2.707047244078138348e+00
-3.607599859871207126e+00 -4.452398455576293657e+00 8.826586005358654674e+00 -1.035893307809726416e+01
-2.999507125213447978e+00 4.056590143501782819e+00 -6.102820261247391187e+00 -1.284509590455261474e+00
4.318270235188754747e+00 -1.228729558862482918e+00 1.140071350176967258e+01 -3.218384033698503899e+00
5.055273362125663361e+00 1.651071024546983068e+00 1.201707860352344071e+01 -5.056884707444075033e+00
-1.353908381210866452e+01 -1.180505085324043435e+01 3.321250430365520145e+00 -8.241983159064099951e+00
6.977486149766176204e+00 -2.501965785495144701e+00 5.088520303172909820e+00 6.012289231340019136e+00
-9.899800764783936557e+00 -3.232252203290943537e+00 4.907117827877550020e+00 -1.064917918886636450e+01
2.146641034746743948e+00 -2.671850783011785246e+00 3.713019355986423520e+00 -3.825027846312911706e-01
8.399809074396312525e+00 3.951528421442787486e+00 1.268165529588503482e+01 -5.982393450349733577e+00
-1.397455788219050143e+00 -5.329224422588989540e+00 4.612862539673677098e+00 -9.114212586156982709e+00
-1.734049556938550296e+01 -1.268620896415972510e+01 3.048510464343929804e+00 -9.768787108367353866e+00
7.585425578432056781e-01 -7.262780375261534971e+00 1.124723670633967210e+01 -5.365436021309692549e+00
-5.584149549928336675e+00 -1.056068423805564294e+01 8.849686734520298970e-01 2.766014514852813466e+00
3.300805412685839269e+00 8.328820869146833061e+00 5.445482809290272286e+00 8.679745011179685221e+00
3.897127442995698132e+00 -3.170693052383616095e+00 3.687289976750349751e-01 -8.043310052829045986e+00
1.004059585461853565e+01 -5.748045999792680050e+00 -8.443149451954949924e-01 -7.737037742564367271e+00
3.416965007736715521e+00 9.218115194733613293e+00 2.849799310386787798e+00 8.735839008213632795e+00
-5.679486536240810679e+00 5.035534966946793034e+00 -5.538150829646817819e+00 3.592311271794372374e+00
-8.666537438284219519e+00 -4.883276308445992697e+00 6.127918275421169625e+00 -1.342580854875959240e+00
-1.248350893891466384e+01 -1.302811573124865951e+00 -3.585106715519074783e+00 8.589758291069417240e+00
4.245433042690319958e+00 9.107552547478725558e+00 1.233498097662305248e+01 -4.806533580885218093e+00
-1.654785024673913973e+00 -2.769923934894675810e-01 6.090350608137637956e+00 -8.856103608676624717e+00
-9.246291149765890616e-01 6.457039083781104694e+00 -3.014933129101578402e+00 1.022689154411791090e+00
5.498738879361519061e+00 5.767848128095485194e+00 -7.483003376524665740e+00 2.229007763580352908e+00
-9.082941545980357745e+00 6.123009825026766606e+00 4.877810341639301939e+00 4.295150506969866555e+00
-1.240634077877468755e+01 3.379101868411301002e+00 -1.953215609588135226e+00 8.202977147338371466e+00
-4.775280314322856157e+00 -4.231523275774742743e+00 -2.340224395804273438e+00 1.118831261953846123e+01
1.495705693691337324e+00 -7.587186273927413183e+00 1.027743921042453579e+01 -4.393665414405937497e+00
-6.064048577137153728e+00 2.310958997333032006e+00 -5.081477804306182122e+00 -9.315718103164585262e-01
-5.307499196693150623e+00 6.845234065504879339e+00 -4.659982277577249254e-01 7.644901442180492168e+00
-9.651774653600018183e+00 8.978305619699748163e+00 -4.971687835023336888e+00 4.821737350066539918e+00
-1.248962755858152107e+01 -5.018548107934543978e+00 3.732817966111805053e+00 -8.072831029120916213e+00
1.961628560859529635e+00 6.040869946578391492e+00 7.104827257996397805e-01 -8.829885125100005894e+00
-1.246606932104675991e+01 -4.044389173116599956e+00 -7.146944343136807376e+00 1.180936539034854960e+01
-6.167856796359815874e+00 -8.765749909319522359e+00 5.292187969552075266e+00 -6.794016243093796703e+00
4.494460017481271663e+00 8.494884345823576766e-01 1.967290512386554724e+00 3.100049566631831066e+00
-7.530016680083029712e+00 4.021897762332252491e+00 2.863914691313527161e+00 8.389589471443954949e+00
-9.432402020565891831e+00 -4.238533042945674012e+00 -2.900547791110449580e+00 4.454466059506347886e-01
3.837259258154857910e+00 -7.363441147876579329e+00 4.067416185169507870e+00 -1.084869745253590523e+01
-5.230731408375104863e+00 -1.183079300464145334e+01 -3.813345568798478524e-01 8.069301513402502124e+00
-3.368253553186816962e+00 2.308133470928826814e+00 7.250644515986564898e+00 -4.677131055484218258e-01
1.385445525267122502e+00 -8.210506107825622735e+00 1.037900502392027136e+01 -1.144300400822915442e+01
-1.133558817477033998e+01 -7.168290572164788266e+00 1.201763170651164891e+01 -6.681573821527177159e+00
-7.203450934362956026e-01 7.861318239573585664e+00 -5.662294152008701786e+00 2.699636813619732845e+00
-7.361640192573083219e+00 -7.024594155154453290e+00 1.165565933620077388e+01 -9.637442149046062667e-01
-7.041715984676766737e+00 -1.581978773027477025e-01 1.055533981905047014e+01 1.040692811492662884e+01
-2.606150651594798973e+00 5.329403478772033687e+00 -6.267268698419684370e+00 -2.008466965788188396e+00
8.529005839816998780e-01 3.669260483432692510e-01 -1.043906456505402325e+01 1.257200350702104341e+00
1.929803979447274109e+00 1.937094639068567492e+00 -3.227531664446932513e+00 7.358301320604037077e-01
-6.145919645989860847e+00 -2.780212363910647078e+00 -2.754685801365902353e+00 6.451858809814820184e+00
-1.033661261231053885e+01 5.687989851576581657e+00 3.158540895577511609e+00 -6.708199320489143247e-01
-1.663528505938044466e+00 -6.193952340267633971e+00 9.395955715800750951e+00 -8.115209412600059125e+00
-1.349431110095865094e+01 -5.441935382637495877e+00 -1.237773960451368893e+00 -8.142599710213181297e+00
-2.176525017045809474e+00 -1.632895647776086534e+00 -8.732125697427509436e+00 -8.461194239582408017e-01
-7.248676641863067260e+00 -5.832939266184166804e+00 1.201910526601399631e+01 -1.175316279046656831e+01
4.918999833918155318e+00 -2.298611396946743657e+00 1.203476101372123352e+01 -1.782593268897098682e+01
-9.413940743158928370e-01 -3.705355141445962008e+00 6.926269225907088156e+00 -2.726509201190519427e+00
-4.424530838797859467e+00 5.292351011467763655e+00 -2.460017481055392530e+00 2.046969295137357481e+00
-1.722341868715973590e+01 -4.401149160349762113e+00 1.339138339929928812e+00 -5.725871638097045135e+00
1.758470738022704261e+00 -1.016056464759764388e+01 8.454301107860645814e+00 -9.460315267919762405e+00
-9.282407903238762970e+00 4.492865653189852537e-01 -5.835573315700004038e+00 -1.311392990031724937e+00
5.823612872920074679e+00 -2.313321142712227996e-01 1.276039402548168411e+01 -7.739933761439745652e-01
2.642996629475101056e+00 1.202928358430829903e+01 5.955172428845893151e+00 5.023158237655323433e+00
-7.943400705683944629e+00 6.387184036824756994e+00 1.996704557560513793e+00 8.374022815728213942e+00
-2.400294129154055156e+00 -2.752027885170909016e+00 -2.635727043497872124e+00 6.289047150797903996e+00
1.030715328029866029e+01 -8.630925631207857052e+00 2.524642451539046206e+00 -1.226917248472284783e+01
-5.114815127698333797e+00 2.063277154837384053e+00 -3.629062302334851164e-02 1.434418983650024160e+01
-6.375604093979929665e+00 1.384393109423281665e+01 3.210256523437611698e+00 8.059587753185182279e+00
-2.676586099129321106e+00 -8.744881286678049648e+00 8.701506272516105867e+00 -1.035972435305268391e+01
-1.479082892330044707e+01 -6.910393918228010079e+00 8.970896686575496659e+00 -4.744610059824633019e+00
1.847631631603678937e+00 1.048078804240836703e+01 -7.622931395606103777e+00 4.947914897350978336e+00
-1.043097442368758720e+01 -9.645720289146320070e-01 -8.926067742873389221e-02 -1.099762340203792377e+01
-4.500822333782808826e+00 -1.607325278782827827e+00 -4.786088924746985107e+00 9.484116550623946651e-01
-6.434822847266510326e-01 1.209015305040845867e+00 -2.074366261560636193e+00 -1.365695191262505492e+00
-5.642072175302113912e+00 -7.130287615438776427e+00 1.745925715126559918e+00 -1.417099477045346312e+01
-4.045652334919251913e+00 -2.320216009826871151e+00 9.740884749426555800e+00 -6.043003462182440444e+00
-6.916921400810082332e+00 -2.456608425595163681e-02 -5.350152716312432943e+00 9.191891278063888393e-01
-1.099878046825307010e+01 -4.048098526555405030e+00 -1.786257965291072614e+00 7.170413616575719296e+00
1.066490194164799732e+01 8.361631863777470031e+00 2.198658361936099759e+00 -4.663314230514612468e-01
-1.123170485241236705e+01 -1.183108608617174795e+01 2.377326923884770071e+00 -6.023320674337305114e+00
-1.027040668898058584e+01 4.525801101349702371e+00 7.329033394769301601e+00 5.036489720569313988e+00
4.716808144556949856e+00 -4.767125311155838929e+00 7.626122426610445260e+00 -1.106618986212548350e+01
2.361874193459969185e+00 7.721554718405419848e+00 -3.249724416441342356e+00 -1.691317861941479483e+00
-1.844054266363972960e+00 1.290351921280025405e+00 4.620038416514544721e-01 -6.017609941452812805e+00
-2.746232032554503988e+00 -1.580760519113034945e+00 3.869193641332128841e+00 1.796854119290644647e+00
-1.209100279585208071e+01 5.024403655310905492e+00 -2.059838197282459760e+00 8.081979141700557534e+00
-4.261029658139035448e+00 5.543480562970792391e+00 -3.531239912850345775e+00 7.223415253077083875e+00
3.190167962716803807e+00 1.229905629807753442e+01 -6.733174520041116828e+00 2.658443951569588570e+00
8.709888756918683583e+00 -1.101226217160534482e+01 -2.238384273129467417e+00 -2.953067073298923262e+00
1.735532331397402928e+00 -6.261289080748602132e+00 5.198833846089680577e+00 -3.220799944163168504e+00
-3.986214631260815988e+00 1.873510055197622037e+00 -4.633250275264876983e+00 1.160377074414300935e+01
-4.647796740710706587e+00 -9.101424561576653360e+00 8.141337328663434292e+00 -2.167546154493983135e+00
-6.287830115046689761e-01 2.527781191675468442e+00 -7.276588972877742201e+00 -4.125071150638185635e+00
-9.124040711270060555e-01 4.945349836575516633e+00 1.063722125724550160e+00 1.545928657475638346e+00
7.478591701221879440e-01 -6.019994124340021457e+00 -6.904941849847942237e+00 -9.058861925000439186e+00
-1.671057115654781988e+00 -9.682094121453843627e-01 -3.978347501585000945e+00 1.187508392390633993e+00
1.832585638566691877e+00 8.947797925401982155e+00 2.431345824652515475e+00 -1.008489215310806841e+01
6.072858078674187254e+00 -1.304322496321460800e+00 7.483972698109981891e+00 -1.165846046654733037e+01
-5.224121874350469596e+00 1.036717256410437926e+01 1.040636381555547274e+01 2.797500115453818381e+00
6.357851190716825585e-01 1.582336785997966899e+00 -1.779883233173991108e+00 6.198299021597846625e+00
-6.314006036932406474e+00 -2.672308875483564883e+00 4.462220112518283877e+00 -1.423653127853179967e+01
-8.556603580190442315e+00 3.066726618188416520e+00 -9.690595136890539862e+00 3.841467834533329739e-02
-3.547202293105520265e-01 1.045564955065241719e+01 6.749273505929672012e+00 5.652630625558678901e-01
-4.826377609141174752e+00 4.247432914739417420e+00 -1.525724081615229988e+00 -1.540453720469644461e+00
-9.428108658166880929e+00 -8.606973412028708026e+00 3.979186865740537371e+00 -3.203218046100293037e+00
-1.595412677515600786e+00 6.255636476890162001e+00 8.892767183232901829e+00 7.410348054606521018e+00
5.792172269855369926e+00 4.721852938537367095e+00 7.592121625808260887e+00 -4.496286770102474684e+00
-5.138839906164898608e+00 6.888281618963025821e+00 -2.380059066319372363e+00 -2.913725693670009331e+00
9.020200366235414435e+00 5.148087608179234387e+00 7.671069581920647806e+00 2.868880493954008681e+00
-6.557232763952453247e+00 -1.528537937231151389e+00 1.572129706866611798e+01 -1.126774749672676634e+01
-1.190505153003086036e+01 -9.823080674252857136e+00 8.093205306130354160e+00 -7.322700103902187507e+00
-7.070220833897077561e+00 5.577057061796863557e+00 9.865543507258239586e+00 -6.274972824523082693e+00
6.634311600470007342e+00 -4.882694256075771122e+00 4.444780961444559253e+00 -7.700553235053566148e+00
7.749013822911601679e+00 2.728711377780424385e+00 5.248043744008466405e+00 -7.111844875248118925e+00
-9.419843205574515821e+00 -7.467752377278566556e+00 2.905094963227301541e+00 1.049723363134465792e+01
1.705776271904706043e+00 5.558940569279460675e+00 -5.338791113279889977e+00 4.217125720342630224e+00
3.277395527667569475e+00 1.129186085647733151e-01 2.402071217235715928e+00 -2.831877403913149571e+00
-5.972181119833244622e+00 5.371237742133434523e+00 -1.417907613502637432e+01 -1.317556834335567029e+00
3.328792703566897604e+00 -8.663210450064831036e-01 9.900319167344006743e+00 2.467501985765411465e+00
7.222896261878650748e-01 -1.218891667478934693e+01 2.554558695078221753e+00 -1.043616995018791016e+01
-6.659783781973560579e+00 -7.943362390070053181e+00 5.085678742744064174e+00 -1.706670243193216052e+01
-1.399811159753424761e+01 -6.399866160122973824e+00 7.693644866005433514e+00 -4.693381505203431558e+00
3.630999931146483561e+00 9.514497931446275203e+00 9.162481759469391918e+00 2.573210663054063652e+00
-1.040658699877680604e+01 -3.704478706368795837e+00 3.498635526707877030e+00 -3.245850884555342653e+00
-9.193976965180688410e+00 -5.415510360938151635e-01 3.194591119223332054e+00 -8.705147540562453656e+00
1.177399294087981385e+00 -9.479173633897238105e+00 7.653648227256509173e+00 -6.236146902096962208e+00
-5.892770150961569087e+00 -3.333751777557050211e+00 2.841703891268650750e+00 -7.929448887451987282e+00
2.474361478060292718e+00 1.115881187095949123e+01 1.381357539791575917e+01 5.737546746734059511e+00
3.642059909625712688e+00 1.011934188601545692e+01 1.140888175376986347e+01 7.228502877892903911e+00
3.089160868309954733e+00 -9.170016773420419653e-01 1.374940629664990333e+01 -1.072859920770570952e+01
-1.619079326611787550e-01 4.000867913839464052e+00 -5.723721562096486970e+00 -2.466504324342341903e+00
-4.368041495599328528e+00 -8.431711644209201495e+00 5.364813788186859611e+00 -3.331838076494354262e+00
7.973253620349206372e+00 -2.674779932217728362e+00 2.403436345999128143e+00 -9.765889804690230491e+00
1.960347663979756128e+00 6.910776289466485700e+00 1.104983166547094875e+01 7.791458428798454516e-01
5.200008156946962501e+00 -4.742975724719501684e+00 9.883886112749440400e-01 9.040657731108925788e+00
-1.270475311592610090e+01 -8.069478808502605460e+00 4.591794375800831496e+00 -6.874248096482186376e+00
-7.192495654504823754e+00 -4.745283344979361217e+00 9.997072410210702031e+00 -7.005762307726667970e+00
1.456661497199135447e+01 3.527000807352531631e+00 6.949529464489171637e+00 8.627700815559890657e+00
3.572631788538575659e+00 7.386226113545288463e+00 -1.004878116593665993e-01 2.016586806803805310e+00
-2.211686523910957103e+00 6.181433717724246435e+00 -1.692983779029009650e+00 1.391774396007088299e-01
-9.056187343831966885e+00 -6.749080566241038248e+00 7.446646976492171888e+00 -8.625525335079624156e+00
2.900670094134850885e+00 -1.928254066891140983e+00 3.375308844040207035e+00 -8.126700573845219822e+00
-3.435962247593885355e+00 -7.775928701558587619e-01 5.915112037224716346e+00 2.694177972389395492e+00
-1.269466092300259596e+01 1.204890750358634577e+01 2.889181223916182706e+00 1.581508649980154146e+01
-5.265091284963184570e+00 -8.199320579886585136e+00 8.034398336357885029e+00 8.481227657661802866e-01
1.495217189432542781e+00 -1.156804504689316460e+01 1.759408826604932141e+00 -6.901143572321187136e+00
-4.764951426812471524e+00 4.728598719089038838e-01 -1.282888187607426289e+00 7.222071624703522374e+00
5.263316667716162023e+00 8.050279511182976577e+00 1.561902531075854839e+01 6.162181315751265487e+00
-1.083073903379371217e+01 -6.303655738680986609e+00 5.294420783392834728e+00 -2.491756942616180304e+00
-9.433082147660522665e+00 7.957863686188515473e-01 4.924117939346854822e-01 9.585742148132691653e+00
-3.212342116324278685e+00 -4.781408360313716521e+00 -6.752051158344769988e+00 1.262549451172784032e+01
-1.318072291384128647e+01 -2.953996560078850475e+00 2.429103152279510347e+00 -6.565750758338083415e+00
1.291900742482087949e+01 -8.065659989087285098e+00 -6.045192359538930305e+00 -1.088072263722684951e+01
3.771950946247631720e+00 -8.752302465880434923e+00 -4.635430179258483108e+00 1.057265901853674528e+00
2.722043689693896429e+00 -4.413345465533733858e+00 5.889364941315043289e+00 -1.398860901799669065e+01
-2.118170681177132586e+00 4.438641227066974615e+00 1.093171825551680953e+01 -6.938566450335397207e-01
-6.422516389306237805e+00 6.331032556583737758e+00 3.501550706411519887e+00 8.875906929491408803e+00
-8.659187788036390998e+00 -1.242021750653223755e+01 8.502565959240305560e+00 -1.376877566901162986e+01
-2.939080331785362432e+00 1.253412054998946346e+01 7.685777948146231608e+00 5.481055872259155137e+00
3.103817541966092719e+00 2.446651519036841194e+00 5.103808348764991898e+00 4.032850919933402167e+00
1.229579964078789800e+01 5.062739363621972188e+00 4.520881814331934478e+00 -1.547423375538542700e+00
-4.906342922183642763e+00 -8.488483245811909939e+00 4.383313655567340206e+00 -1.516963298846511066e+01
4.239792227564673333e+00 3.199689975291031274e+00 -5.958818208200522548e-01 -8.560640326366268482e+00
-7.079154282938242559e+00 4.302996416780340283e+00 -4.373000564674571322e+00 1.106147373786727783e+01
-4.752028560991647055e+00 -5.446877750127510076e+00 3.322585034384552216e+00 9.045746253187097352e+00
-5.413966136461334067e+00 -4.514603472009618201e+00 -4.266481321926153925e+00 1.727535455880403248e+01
1.437553745390172821e+01 3.162295165624504190e+00 1.234692661112468670e+01 2.507752889543307884e+00
-7.022913386334630914e+00 -1.018357473589869855e+01 7.980023705021805469e+00 7.004502196878581444e-01
-1.452563960985540348e+01 7.305246853690722020e+00 -2.617575733101077606e+00 1.303199831581618540e+01
2.504798505901651318e+00 -9.547045734527575434e+00 -2.286800527082290202e+00 -6.336062435057879583e+00
-7.609019330896829025e-01 -1.841156825022316035e+00 -1.588189168887419456e-01 7.166125556255042994e+00
-1.170890836733168427e+01 -5.957769331850828465e+00 4.362806163176403906e+00 -5.484915198517090751e+00
8.095605840870792491e+00 -6.011170799048532132e+00 6.073129863980957666e+00 -8.349732835287165145e+00
-2.018669996553825285e+00 -2.805248048313822018e+00 1.207701015137784850e+01 -1.161008908468708611e+01
-7.187413238567192053e+00 -5.489986391057216863e+00 1.524775802654541046e+01 -6.533457768868688120e+00
-9.434948145318365675e+00 -5.256990415623197244e+00 -7.013842615446573170e+00 7.524999003132353259e+00
-1.404934161541074289e+01 -4.011047600915031097e+00 -1.356605524926616901e+00 3.936056125434577169e-01
-7.723171659379204357e+00 -7.579877631510269609e+00 7.638299890861326880e+00 -9.210661898737177111e+00
-1.118766708854387737e+01 -5.978237404287263246e+00 1.883488681269126275e+00 1.136571957182695769e+01
-8.417322579597419363e-01 -3.979697191184254468e+00 1.141308875784265986e+01 -7.000181713488135671e+00
-3.082443853317920812e+00 4.628100233555732856e+00 -2.022689522680076735e-01 -1.243326259054843508e+00
-6.687333815565726702e+00 -7.420449079943606030e+00 -5.661568424032578761e+00 1.004069274943688939e+01
-9.151277371892904355e+00 4.718417965929888602e+00 1.104408181386670407e+00 4.718088487131914199e+00
1.119971918620104034e+00 -8.894075922139549562e+00 8.739423766528366500e+00 -5.636864994768651549e+00
-9.084017186184603077e-01 -3.761898343813618872e+00 1.152184001037882055e+01 -1.146916277780440119e+01
-4.786590698695625257e+00 -2.551026383673610898e+00 -9.651122271262680741e+00 1.198066625584156775e+01
3.313586189551174677e+00 -2.187182897439363671e-01 9.951084088771684932e+00 5.026152681593234028e+00
-4.245717186332107040e+00 4.645155363020436745e+00 -4.980915997124991001e+00 9.375477484005010353e+00
-1.382498952282627158e+01 5.659649381022941128e+00 2.226338940231156638e+00 3.171499269534791665e+00
-1.146939893272353928e+01 -8.273034393157121968e+00 -5.574352172736150912e+00 1.050442334400108813e+01
-1.069219648707892922e+01 -8.686603334796304310e+00 7.239741790524844234e+00 -8.517374490542252374e+00
7.820969728888928607e+00 8.788020289137467245e+00 5.279356558122328735e+00 -1.849876957387196263e+00
-9.025895345676001824e+00 2.136178168664950583e+00 1.698531277865681588e+01 -1.526676125622893210e+01
-3.271611926000251191e+00 9.214386604008630854e+00 4.928800324433284530e+00 -2.271805199858488500e+00
-9.496939110748108703e+00 -7.447880549623473456e-01 -8.302287811148122643e+00 1.224778384438572587e+01
-9.107562392643338001e+00 -1.370969152959473192e+00 -3.219885726084148914e+00 4.393696676222855757e+00
9.343977843502582203e+00 2.318195316459189748e+00 3.966904048306113317e+00 -2.659048017687458909e+00
8.384433196123186605e-01 5.268969910474501361e+00 -1.161582339434002620e+01 -3.529447067266689442e-01
-4.500956448822157618e-01 4.310692262664687746e+00 6.581442334127629579e-01 4.946485497530252573e+00
3.630874716493319720e-01 9.612392070489164553e+00 -8.891361519983558281e-01 1.430015317471999836e-01
8.433705730318017402e-01 -7.749902665935126223e+00 -6.109333404292387470e+00 -9.665433460964161227e-01
-7.712066405736038632e+00 -7.839098378952611412e+00 2.664345272663811937e+00 -1.145992540549618077e+01
8.424952204262712741e+00 -2.519982478679390514e+00 4.353502586417707931e+00 -1.699794161737329290e+01
-5.094724381134642321e+00 -5.313800288079983503e+00 1.171564818113061968e+01 2.195529635815240965e+00
-3.037007151671764493e+00 9.348940441945483570e+00 -1.138011138610268347e+01 -2.942630159549918467e+00
-6.537154873515556908e+00 -8.760466628756457652e+00 2.044673369960869902e+00 -3.920815845561014701e+00
-1.109185284510542502e+01 -2.863500300428996059e+00 -1.645363460618288087e+00 1.454184115574117975e+00
-6.984939264673368342e+00 1.164705177396108127e-01 4.661683436518234025e+00 7.181088871819751418e+00
-3.434987483168924216e-01 4.179021197045874381e+00 4.637449450149993879e+00 -7.750979003963163194e+00
-7.331198244677029408e+00 -5.113902969174723090e+00 4.751057368067237441e+00 -7.040000783150094144e+00
