-8.880492858591706451e+00 5.926429414173258081e+00 -1.253579548047688341e+00 1.168704258433653997e+01
8.199599039570109049e-01 3.713539361393050964e+00 8.043658983737760337e+00 3.312129305570925553e+00
5.153189006429389707e+00 6.745510158431319958e+00 7.678824460834144716e+00 -6.406363553701752700e-01
-6.888908533493522945e-01 4.945626335755241243e+00 7.052734312860678756e+00 2.118216591474716637e+00
-2.274901766296900441e+00 6.354938957612352723e+00 -4.194618583739452511e+00 -6.088282010641139497e-01
4.092582229067655675e+00 -6.845728890108444098e+00 5.217858912830391382e+00 -7.684873334185961191e+00
-8.024309195748791979e+00 5.647008527074126150e+00 -6.769265631842373843e-01 8.312733641634647341e+00
-1.702649137451439199e+00 -4.282124600200786446e+00 9.318175097688754960e+00 -8.728201390153380146e+00
-8.425128134329273877e+00 4.579638601287074451e+00 -2.299235854066337126e-01 7.999813111562807499e+00
2.795723501765629004e-01 3.991968027448869805e+00 4.719025698314200490e+00 4.945282717074642065e+00
8.038591434135408775e+00 6.904660897176380985e+00 9.218768940791738586e+00 4.349355668448921519e-01
-9.483567437745668016e+00 -5.075049766214531743e+00 4.010764189789351342e+00 -4.219164512069015771e+00
2.506279953766679558e+00 -4.262204242021242706e+00 5.279960610691909473e+00 -6.648402755531961361e+00
-8.278979772525445924e+00 -7.299354241963547096e+00 6.899430911552222767e+00 -3.550706632773784399e+00
-5.122425170279616413e-01 6.244150026444021506e+00 -4.484596516997434890e+00 6.487733435320743869e-01
-5.518873059736469244e+00 -4.879138719111581146e+00 -4.247177875669826186e+00 6.158050808702314249e+00
6.145861992105330351e+00 6.990397465130259391e+00 8.421632841864363783e+00 -7.746518994703737171e-01
9.569266521619669286e-01 3.379230960541455886e+00 7.203435149940307092e+00 2.156884526261088286e+00
6.921967594125980838e+00 6.914731816462717617e+00 8.741346212621008860e+00 -7.857947498174340240e-01
3.082743600672114281e-01 6.300974018133466359e+00 5.361302083971592580e+00 2.881165541489815407e+00
-2.177706053033473310e+00 -4.940566163707642566e+00 8.640039988586609709e+00 -8.799733987195091700e+00
-5.788873330022441976e+00 -3.498402784390179043e+00 -1.518063423239026655e+00 7.382328377542370035e+00
-8.932237503092228081e+00 -6.128567072281992267e+00 4.267337692126101700e+00 -5.459260311816099609e+00
3.985542356331232661e+00 -5.222579634723066633e+00 5.414394409732286917e+00 -7.553448515996176837e+00
-6.774055758902724378e+00 5.250687946228293157e+00 3.763114677845703082e-01 8.373989843920032428e+00
7.150758717715401502e+00 -2.755559917706661199e+00 5.934419588604849416e+00 -8.849667340868002441e+00
5.293749174258222112e+00 -4.728929242868024296e+00 5.146333311391761534e+00 -8.980975361210630226e+00
-6.093451473850203470e+00 -5.635501029377586235e+00 -3.436459137428654387e+00 4.950348581796204073e+00
6.416394124146144406e+00 7.153871789693067029e+00 9.782584469825057027e+00 2.721018439763015273e+00
3.399524275704557397e+00 -3.460255423564329469e+00 3.611686557504394379e+00 -7.669455876436368058e+00
-8.658602713523171346e+00 5.797508143681263881e+00 -3.529078735457639171e-01 8.205754971801734854e+00
4.037025404295121689e+00 -3.883372501473830063e+00 4.580606275001248839e+00 -7.866116330218954289e+00
-1.075898152996254353e+01 6.075468996749938455e+00 -1.147434930368758543e+00 8.221730728578599212e+00
-5.055443654929567820e-01 -5.628292829053319402e+00 8.560720545861471464e+00 -9.252583230069268083e+00
-6.397914743520978220e+00 -6.215823956886060486e+00 -2.920728631294890576e+00 6.213402721457150335e+00
-1.176269348858065333e+00 5.189984537826102695e+00 -4.343031911106408849e+00 -6.038603612957569311e-01
-1.268205473227121072e+00 -4.388930769921218555e+00 1.005851358142658647e+01 -8.744184757095213811e+00
-8.082130059299256430e+00 -5.089791599224658292e+00 -3.564572387141973664e+00 4.593309924987790893e+00
-1.304843433384021534e+00 -5.932961132598689957e+00 8.267523943974964595e+00 -7.863271535343688612e+00
-6.152383540301818776e+00 -3.959800251065835663e+00 -3.147297438526898805e+00 4.160246875108310149e+00
4.813302615488272096e+00 -3.711249962093404076e+00 3.928362108171322475e+00 -6.528118370297183226e+00
-2.001871198483201386e+00 -6.064259241715760140e+00 8.786457111821899701e+00 -8.356668483026107097e+00
5.682244230987144817e+00 -4.709286055345117461e+00 3.306659921577036698e+00 -7.193073669223900346e+00
-6.299512760129522881e+00 -6.290090974484682462e+00 -2.612247196608064481e+00 5.148987454760940885e+00
-1.918998588428671548e+00 -4.764223606464272009e+00 8.030009184078163997e+00 -7.820574857099189536e+00
-7.373935621554919884e+00 -4.755647824702994519e+00 -3.994983790821927894e+00 9.139228515016556642e+00
-7.856296011178140581e+00 6.719597317124815561e+00 8.295598091520017814e-01 8.529506840046629179e+00
-8.103130168397884026e-01 4.509265659537645909e+00 -5.265504258397172066e+00 8.160255808039575953e-01
4.679552500513174174e+00 -3.609336676067275818e+00 4.250637792273963100e+00 -8.751289065563865321e+00
1.386983756733077389e+00 4.655879369119049649e+00 5.987244190374555686e+00 3.329310333937748556e+00
-3.351299301954505871e+00 -5.329023933449580142e+00 8.523912110114860496e+00 -7.463989906931699281e+00
-1.988455527865780059e+00 5.261969237386519005e+00 -4.981941199866903425e+00 -1.607362388885510640e+00
-6.231928221608838969e-01 5.531341544891329676e+00 -5.910686559226858705e+00 -9.686500191775824220e-01
1.094558533996460081e+00 3.802888163298035806e+00 6.800776096850837504e+00 3.941408678899098739e+00
-9.786169166288056331e+00 -5.015725942500914414e+00 5.952383617894334122e+00 -5.714443881443846962e+00
7.746817818816709167e-01 4.920831714305318627e+00 5.973937138040437134e+00 3.160023562722277468e+00
-5.107505580447835314e+00 -4.762410738024883017e+00 -3.295278843808971292e+00 6.236435672858111623e+00
-2.527238418596522429e-01 2.304614927754373710e+00 -5.760359003568054526e+00 -5.409600177418072420e-02
-6.956597636366516291e+00 -3.814658500801589636e+00 -1.675458474088542760e+00 6.290020495753555707e+00
5.821392895420487434e+00 6.705390552353335032e+00 9.312306186522860685e+00 -4.555721873717949455e-01
-3.656755856800812943e+00 -6.396885264977768770e+00 7.636714223541328117e+00 -7.213925343437796123e+00
4.674730164462510551e+00 -4.717155939882497151e+00 5.188071458585655549e+00 -7.864152046054388556e+00
-4.968093807173003640e+00 -4.704594667133342512e+00 -5.267421226118201183e+00 6.510459575548267708e+00
1.712618543045694386e+00 3.084643873891190324e+00 4.724493446180753509e+00 2.072780986913714596e+00
3.072643907746203662e-01 5.474139245779826801e+00 5.255814150156534303e+00 2.928297720277584393e+00
-4.418339373990884056e+00 -5.818328166056138784e+00 -2.306314845790527368e+00 6.917645228179024386e+00
6.900098559551162580e+00 -4.682452063218107696e+00 4.976254868495020744e+00 -7.521029392043458550e+00
-4.716302703364141813e+00 -7.144957571690682130e+00 -2.452014638042954608e+00 7.478793851796519121e+00
7.796028246425004582e+00 5.852943501590208264e+00 7.799626854000558218e+00 8.577029208711453023e-01
6.180598377610731831e+00 5.846537321966054357e+00 9.282228478402155147e+00 -5.956205309268998160e-01
-6.792836356881680082e+00 5.371788006645569880e+00 -9.291269728348243717e-01 8.041580402874812350e+00
-8.177389708843024962e+00 6.241403377386212981e+00 2.350865814872539872e+00 6.224050631891560492e+00
5.439298092719240252e+00 6.031081743944029405e+00 7.486539219165541326e+00 -1.301043524887597336e-01
-8.322293113547960530e+00 5.652998964614741162e+00 -4.640164282915498761e-01 8.134872107962646481e+00
-8.683969890045993623e+00 5.697903010741486973e+00 5.019276517505475432e-01 8.014266230529026203e+00
-4.862891649566469354e+00 -5.410777660979380954e+00 -4.489416108555306373e-01 5.957521611704970965e+00
-7.686702174907359186e+00 -6.253179061239773517e+00 6.055941297216981489e+00 -5.762339882652721457e+00
2.123354851999768589e-01 2.802974419683294194e+00 8.402915885163251275e+00 3.773015106850670541e+00
-8.025439969260137474e+00 -7.770817080325817194e+00 5.611373140398510984e+00 -6.816320789808616887e+00
-3.067193800974110651e+00 5.527284545328001286e+00 -5.016311389269050736e+00 1.471987328314400933e+00
-2.580716849150735293e+00 5.156821752742206222e+00 -5.004668426394326630e+00 -9.177975996222422772e-01
-1.543828753401092158e+00 5.825414618449754833e+00 -3.180439667859010999e+00 9.481328445832823970e-01
4.912282976677367685e+00 -4.667203598971497058e+00 4.244222512498868838e+00 -8.213285660876641359e+00
-5.961719265802545298e-01 -4.455255581755015903e+00 7.572955117452208285e+00 -1.027948284571600368e+01
-1.808434170877248448e+00 -5.676285935839390007e+00 9.251331724099296494e+00 -9.444744500577565205e+00
6.429644898604243153e+00 7.645267102815790139e+00 8.598327471755272455e+00 1.294346780159321697e-01
-9.662204794789344575e+00 3.713619234151909865e+00 1.585696322508001410e+00 8.521527612172416610e+00
1.085038631669626330e+00 3.906286601744371367e+00 6.225904699212198246e+00 4.958526842363093934e+00
-8.261635173736296522e+00 4.603299205457334509e+00 1.067875132151679285e+00 7.902172560686966385e+00
-9.139353933553316267e+00 5.213505043504205183e+00 2.059868145352349522e+00 8.575717926983340789e+00
5.323795437299958522e+00 6.691426325470759551e+00 5.690311470759857215e+00 -7.528822457314594541e-01
-7.362500297007222860e-01 4.702467061354996147e+00 -5.500123337077696739e+00 4.902122227892411477e-01
-1.052514956702196258e+01 -5.642625181576946147e+00 5.266769975628363021e+00 -6.133155904340222619e+00
-9.923346225435773604e+00 -4.567390764397741165e+00 6.285597929574399778e+00 -4.766624258666182889e+00
-2.783926974204740112e+00 -4.580837688273287078e+00 9.798423478775751150e+00 -9.571706886233616984e+00
4.954614466563312725e+00 -4.622753189825378861e+00 3.551007856128977735e+00 -8.505609454502478073e+00
-8.575815854460389076e+00 4.448624924831539040e+00 1.612412771914317977e+00 8.813153317073284754e+00
-4.663163308271730756e+00 -4.882229146550263188e+00 -3.856039995536953757e+00 5.719281504876316369e+00
7.601956280022179158e+00 7.310304466114567745e+00 8.708886370430855450e+00 -3.251487216959140225e-01
-2.053050327853724433e+00 4.188608410873355226e+00 -6.928119451511671301e+00 3.047453948621497988e-01
-1.045014398843968628e-02 3.861588668128189905e+00 7.703942812779511762e+00 3.053738263974583145e+00
-4.498323312929829676e+00 -3.450635737749655263e+00 -3.175273971904817749e+00 5.491594649231922531e+00
1.390131548483294566e+00 3.767999559457656300e+00 8.084268766174107057e+00 4.508162262019533628e+00
-8.885057994090635347e+00 6.531721137667941157e+00 -1.543456203432814755e-01 9.109500381491949739e+00
5.776037157661131793e+00 8.409630806848896967e+00 1.012324161769378961e+01 -4.059969801793655853e-01
7.573425639237785667e+00 5.971547890131777336e+00 7.466788685692813843e+00 3.480698262478403304e-01
-6.219346041033070316e-01 5.799339399126736794e+00 -5.235012265777281293e+00 7.094358935150668621e-02
-1.256707213051488914e+00 1.666403523150745247e+00 6.620616097523744692e+00 3.802505634477049146e+00
1.168735525141025189e+00 3.651961390694424381e+00 6.928828982575737427e+00 2.190995760842433526e+00
-6.865734728510332729e+00 -5.177685411142936900e+00 -1.319965102825173098e+00 5.336662184304041823e+00
4.274975814845682009e+00 -3.280110906928067394e+00 5.982270353956418596e+00 -7.748404582659551565e+00
4.022858052564626807e-01 4.425527068477108195e+00 6.719289847464527732e+00 2.804602194950304384e+00
6.031093403134864417e+00 8.135325958138794888e+00 8.653381594900151796e+00 4.774746177515153400e-01
6.804452021248130755e+00 5.188103676121677665e+00 7.950292221106105117e+00 4.843937216867990614e-01
-8.026090016962180940e+00 -7.099803356851660752e+00 6.345835669570111470e+00 -6.164558732637079430e+00
4.366110612478981245e+00 6.026337080282975656e+00 8.213307682056756320e+00 7.049346019641911099e-04
-9.070761081824226579e+00 -5.095824785768114040e+00 6.132786158782019825e+00 -5.244893129889459438e+00
5.471501342034773785e+00 -4.038497082938188321e+00 2.718605952281284210e+00 -6.861896844241586635e+00
-1.042502112801357628e+00 3.832168692551999101e+00 5.779738762647574468e+00 1.919073826485598877e+00
3.665290549523904318e+00 -3.794749217710139622e+00 4.314370034714622548e+00 -9.268024472836501104e+00
6.099613364688277528e+00 7.883193901552337124e+00 8.653026635370784092e+00 -1.765496542833553395e-01
-1.436057234153239826e+00 5.810783887998367980e+00 -3.030607820516597162e+00 -1.328939741066015312e+00
-2.078275792533035293e+00 -5.693761852686241909e+00 8.489591716069426752e+00 -8.008804525508494976e+00
-1.421302813313802149e+00 7.365471559436494786e+00 -5.322996842379962956e+00 -1.736496911393637266e+00
-8.466415108848577731e+00 -6.847501007708051368e+00 4.563646519698992599e+00 -7.000816194891514854e+00
-7.593603423338808334e+00 4.051261143579679036e+00 -2.648139580931822001e-01 8.709703571103753816e+00
6.295472894511656037e+00 6.812056215249091551e+00 7.281372781745078626e+00 1.324675703615922906e+00
-6.833322318671031681e+00 -5.203965267215125756e+00 -1.395352985345680530e+00 7.388291125738567722e+00
5.104039870095399500e+00 7.862889996175009166e+00 1.045021647748945526e+01 1.233858976586440281e+00
5.286651441096400283e+00 -3.860381171750074891e+00 5.156489698331082394e+00 -6.477391556054431732e+00
1.296091282932515298e+00 4.198445154714038452e+00 6.868432452537239108e+00 2.197376686385051237e+00
-1.842097562919577269e+00 4.418024970989932854e+00 -4.774062430174554450e+00 -4.014877428719789698e-01
-2.054081480826638995e+00 -4.951340661225284379e+00 8.930193825666515650e+00 -6.816831573655061760e+00
-5.792198730467350565e-01 2.039517474658019136e+00 6.206908301984899623e+00 2.936961342423750843e+00
-6.632914128542143573e+00 -3.832657957501846901e+00 -2.387474650164333134e+00 7.304794830542969741e+00
6.415326395951639782e+00 6.592037482689651284e+00 7.575019048118869947e+00 3.979104481509393443e-02
-5.876345458766762953e+00 -3.736168415321545311e+00 -3.072663832191763866e+00 5.071275134471593837e+00
-1.889396559181913737e+00 -5.646116722059909776e+00 8.513523011785563810e+00 -7.281689465728352850e+00
-7.420843260121430696e+00 5.528120178785360217e+00 1.245824564948003310e+00 7.132402001445330875e+00
-1.148424464124803368e+00 -4.693244075743946198e+00 9.244031939874325587e+00 -7.728911431503556528e+00
5.205761913876488123e+00 8.006738862078485397e+00 8.141648487933505152e+00 1.370284715515604379e+00
3.238267225365091484e+00 -5.068802864934612629e+00 4.129825689460928650e+00 -9.787080513420828964e+00
-7.567033191876719300e+00 4.659651842904848351e+00 9.127406537739138903e-01 7.792809804030319754e+00
3.965632810889735183e+00 -3.974456736795133338e+00 3.797331622208486301e+00 -7.904444993206966252e+00
1.888180592210964015e-02 4.310237068833738583e+00 -3.933372414672491324e+00 -2.205597241196759484e+00
2.854061578741694305e+00 -3.793959930438836725e+00 4.626763267357798526e+00 -8.741450355236770164e+00
-2.590072473125393238e+00 4.219720154567701442e+00 -4.804625662826436994e+00 -7.917189975523544199e-01
7.974975317362315685e+00 6.476962541911542637e+00 7.776286277567589167e+00 9.447222406803668093e-01
-1.961781676594147594e+00 5.083266213069455475e+00 5.208190780197778480e+00 2.147685616136076892e+00
-1.798690253321714172e+00 -4.044010422831654239e+00 6.731072347685949531e+00 -8.939612730421691467e+00
6.791438429754387274e-01 4.671357359788390617e+00 7.249631320137020829e+00 3.582659211697439616e+00
5.110333871076795376e+00 -4.441473379785616515e+00 4.590739699542495167e+00 -1.010684015551239590e+01
-6.157016526248419996e-01 -6.226768122767172287e+00 9.950836678530615487e+00 -8.170155359850451049e+00
6.143011051082091001e+00 6.298224254028870206e+00 7.872787954374237174e+00 5.122150726863220482e-01
-1.028666711923321131e+01 5.888946534927346654e+00 -6.590824314326908517e-01 8.342289540580392071e+00
4.022179120626507398e+00 -4.119579697617069769e+00 5.737835282567410822e+00 -7.051322204316278430e+00
4.612443127743691029e+00 -6.174335123033841910e+00 4.381378996093501677e+00 -7.888171329035928991e+00
6.848226457906136488e+00 7.660588548676427578e+00 7.671574011895762268e+00 1.074742466581891653e+00
-7.812893297561922523e+00 -5.611393498158490978e+00 -3.667572612923521103e+00 5.313427906399282641e+00
-3.213302013887702202e-01 3.223811319759594340e+00 6.286679940596747507e+00 3.208247568579921882e+00
4.855698658108508425e+00 -4.340124133395209860e+00 1.825875699842368416e+00 -7.645751517249196105e+00
-7.517518592799729227e+00 4.007550072160892540e+00 9.610658347179131811e-01 7.657346254077502579e+00
-2.965043056706842428e+00 -5.136265172874772134e+00 1.009988078396371414e+01 -5.241551143830662340e+00
-9.050628501214289301e+00 -6.873962678614077504e+00 5.524239196781836725e+00 -7.024367607843762684e+00
-8.343880492205183685e+00 -7.102559459184792701e+00 6.156597138138447001e+00 -4.615565948707847532e+00
6.646204222538091066e+00 6.343916406392041907e+00 9.598188637325570483e+00 -4.309211996248490939e-01
-5.488329723493526657e+00 -4.866757390347163259e+00 -2.349495011310420711e+00 6.070415143924019041e+00
-8.069823354738729915e-01 3.345249304697968107e+00 7.055377160892311039e+00 2.201681646831981531e+00
-1.878214240557040338e+00 -5.072685508199467286e+00 8.840641781463293825e+00 -8.734185989402392991e+00
-8.866376729721148209e-02 3.548923527372595199e+00 7.778115483188989820e+00 4.057157164951492589e+00
-1.425481845410220938e+00 -4.472945991995277204e+00 9.241393038856472231e+00 -9.608182093986815886e+00
-6.745447082865174693e-02 6.297709338230000675e+00 7.449279389782805794e+00 2.656117645698430785e+00
-2.103594243017715471e+00 -4.082545972722643413e+00 1.008794722473937888e+01 -9.481037742977614258e+00
2.644722880315312219e-01 3.322177389518170099e+00 6.454952161384907683e+00 2.532267853110201195e+00
-6.748424071445597860e-01 4.914858859443557826e+00 5.717225577431332084e+00 1.860341372341671073e+00
-3.781529510536638661e-01 4.180329629405760805e+00 8.015450725488474149e+00 2.522771173768156849e+00
-6.218046165958464933e+00 -2.822329315293959251e+00 -3.123623834542567757e+00 6.317423794352878375e+00
-2.258501832424391953e+00 4.638025935391504539e+00 -4.846028918933424912e+00 -1.389841776513256466e+00
-2.459035408700867453e+00 -4.727138334112646945e+00 6.778473890100772614e+00 -8.717617274746366718e+00
5.993283041912945031e+00 7.026985405394145623e+00 8.859212944255331124e+00 -7.340774244697478856e-02
-3.564876918951427331e+00 -4.424767207514644696e+00 9.719978864626169113e+00 -6.742753138914505229e+00
-6.505482887565335659e+00 -4.136207989357129300e+00 -1.640685647674438252e+00 7.393152709603418415e+00
6.915593008899308280e+00 4.940358280006831748e+00 8.255169095025943093e+00 3.013056014804494920e-01
-1.158238415495805107e+01 -5.717590522740806591e+00 4.845677747291158077e+00 -5.165688262144962906e+00
7.696557929285426702e+00 8.626905745473585796e+00 7.513082674053246812e+00 7.923007903473961999e-01
-1.098126176561594169e+00 7.147484516143848055e+00 -3.075349864791734333e+00 8.520914295569350649e-01
-7.693585619494960781e+00 5.496559025274772914e+00 2.336894543439685390e-01 8.226311040513255790e+00
4.456067644497757385e+00 -5.035248473815255643e+00 2.346428826419905356e+00 -8.973659893755991490e+00
-8.414963798919783855e+00 -6.244234465910500909e+00 6.866888528847942652e+00 -6.870796767984776565e+00
-1.040903838473584919e+01 -5.910481097825776686e+00 7.492861672310123566e+00 -6.645179824940959712e+00
-1.106431999808991407e+01 -6.125157328134986479e+00 5.353956509818190490e+00 -4.439828641441835089e+00
-2.301571681990679075e+00 4.301142993066335407e+00 -6.130695542629399419e+00 2.679031542045073877e-02
-8.727785044341805687e+00 5.841105153677060180e+00 1.645236151115458734e+00 9.472899728640435058e+00
-1.355270649002060512e-01 3.002693222050533794e+00 -5.571622440954804745e+00 1.053795595714990041e+00
3.986501301713525791e+00 -5.737653914762934626e+00 5.784259022391966099e+00 -7.610394014651367556e+00
-2.225633975121159125e+00 -5.675760286500377561e+00 6.995913123856359661e+00 -8.004354149788015960e+00
2.862294517968024365e+00 -6.298760037015815882e+00 4.437449902439078997e+00 -7.339806857469558743e+00
-8.839033355231636691e+00 6.632039677936996114e+00 1.601774632006637944e+00 7.599321887477380244e+00
-1.491057297525069547e+00 -5.511597744382024544e+00 8.175398424426157717e+00 -7.814658174012710568e+00
6.590612502755972990e+00 5.943022474558595114e+00 9.885625956738364195e+00 -2.457245761743239720e-01
-9.315940859486128156e-01 5.001082634202153265e+00 -4.459995309466860292e+00 -4.797018376513811910e-01
-2.061422368240455771e+00 4.907479509343320778e+00 -3.971415874630299214e+00 -1.071919141306262979e+00
-1.032888440886602055e+01 -7.121254237297148570e+00 4.687819303874232624e+00 -4.697624037548112419e+00
6.074833008358878850e+00 6.086096694458174916e+00 8.009475918434947772e+00 1.063162977694743105e+00
-1.326865174452998453e+00 3.626695540597340894e+00 -6.914314348719670100e+00 3.845743491213879928e-01
4.162793464908154384e+00 -3.137446434047542532e+00 4.968710798384798011e+00 -9.006360534731998158e+00
-1.148379795347413967e+00 -2.109628976843289205e+00 8.612071820033817104e+00 -8.093422922869210723e+00
2.234139159409303410e+00 2.144665206962652615e+00 5.867167695614265099e+00 3.231360100808917224e+00
-1.511607857832868218e+00 3.014080494334224980e+00 -6.092470494557695737e+00 1.029996626220208933e+00
-2.646329253032409845e+00 -6.881797991529369440e+00 9.557963221169060830e+00 -6.986763628635520362e+00
-1.519164469659021410e+00 -4.580525902866139809e+00 9.065520321657967173e+00 -8.073955518039756640e+00
4.967156609424350222e+00 6.918078836121118513e+00 8.580494273131391125e+00 1.096052513802487471e+00
4.977762072540562244e+00 7.675326684140434175e+00 8.017046269155686744e+00 -6.126493872345384339e-01
-8.933109555805776480e+00 -6.481312217585224467e+00 5.061882459103554055e+00 -3.237701118707287939e+00
4.935749192901985438e+00 6.210067735420592427e+00 8.801141996177399562e+00 2.958805504468229319e-01
4.407151469470843352e+00 -4.243796902415411409e+00 4.735763210022793324e+00 -7.572694372587319478e+00
-5.745592012088962086e+00 -4.654561428268323198e+00 -1.606305683425660380e+00 7.095237871955681008e+00
-3.218448216734603129e+00 -4.304257982037110963e+00 9.175563412997957968e+00 -8.013110081775371540e+00
-1.083974802432745799e+00 3.497913128268872018e+00 4.761382327146498561e+00 3.408069755334417028e+00
-6.645914408296779818e+00 -3.611665124167783958e+00 -3.488517827649272984e+00 8.884039250895003903e+00
-1.180194687084715088e+00 6.662188840129431355e+00 -5.101160093363387382e+00 -1.716779154764396687e+00
-8.537614809568101037e+00 4.663630475320844404e+00 5.526803513087780173e-02 9.332503241637153835e+00
4.858316517767478082e+00 -4.970531329764988904e+00 4.552317443769764438e+00 -8.255118461437891852e+00
6.137724620230877726e+00 6.194550940661472715e+00 7.611777993297314637e+00 1.251945590270401976e+00
6.236772381864677861e+00 5.539570184069198433e+00 7.090570812033239356e+00 7.896621111595253373e-01
-6.288046820085060773e+00 -5.572243384351349249e+00 -2.601356782962073844e+00 6.917185832064228102e+00
7.393497395837346886e+00 7.113285874118577823e+00 1.026614419013413837e+01 -1.380434510305906581e+00
-1.330764998868946947e+00 2.786509368799434228e+00 6.990398829201708075e+00 1.743938079867174418e+00
-9.325908220063324094e+00 -4.731665085837495788e+00 5.313764746616175927e+00 -4.733528333055145865e+00
1.583670161228930118e+00 2.320913167965398038e+00 8.138358776030868214e+00 2.875520590421556388e+00
4.143730073900410815e+00 -6.196925005743462833e+00 5.583087178907976345e+00 -7.803669471258367629e+00
3.717921285947930699e+00 4.502264256482568783e+00 6.625849729742737004e+00 3.037508872626164980e+00
-3.461658046122248589e+00 -5.451618148556701016e+00 8.296625761204774463e+00 -8.427214359648401043e+00
-2.762573195468315257e-01 3.626725466378381224e+00 6.707608729914034562e+00 2.754580403908536201e+00
9.270468259443314096e-01 2.743970694203263783e+00 7.379743673383997837e+00 2.696086366477820739e+00
-6.450638726820117519e+00 -4.691623112099188475e+00 -2.792857482211941633e+00 4.289314828175083250e+00
5.601611904957785271e+00 5.045413462868047816e+00 8.745188641606787883e+00 -9.907289385284812067e-01
5.542188002512553169e+00 6.389006009715475720e+00 8.770325887908903439e+00 -4.344337753086180420e-01
-1.653797530629378842e+00 4.237725473919628172e+00 -5.222959595820569234e+00 1.245819830314271792e+00
1.433778168077878945e+00 5.369923658538298561e+00 8.162356534677169151e+00 2.299983604063531750e+00
-8.126723230167129941e+00 4.559862122471157519e+00 1.220307231051001473e+00 8.650978132758517347e+00
-1.836958711644815168e+00 5.378971755480819184e+00 -5.162331328390752816e+00 -9.454474180156235974e-02
6.490798073290987347e+00 7.155002421413226621e+00 7.588046463618033144e+00 1.380966858380686446e+00
-7.959187839113172735e+00 6.024311390544537126e+00 1.755444737663059418e-01 9.986145601158773033e+00
-8.716561396058324362e+00 5.542830255753218971e+00 2.479402386474714781e+00 8.628805494982829671e+00
-2.540077274886790804e+00 4.444310194214523335e+00 -6.169176684764503094e+00 -1.152336741350006744e+00
-4.843573194622087463e+00 -4.493553148875564673e+00 -2.995966059941314263e+00 5.952111497087829939e+00
5.005447974043875980e+00 -3.735330759264213984e+00 6.425863731622381891e+00 -8.348680852556654486e+00
3.751947886750424122e+00 -3.221952159736053645e+00 5.194767467569805675e+00 -7.526764832674249561e+00
-5.757457676147385683e+00 -3.883752008258517741e+00 -3.817416365877912554e+00 6.640787047902789730e+00
-2.293525340806730206e+00 -4.375912502896775358e+00 9.302492514354211650e+00 -7.640305700055121996e+00
4.066990167829231950e+00 -5.134720531169564950e+00 3.481848011066374760e+00 -7.299586480511635500e+00
-2.738296626277100465e+00 -4.564924872010921675e+00 9.225480638623082541e+00 -8.534990531320447715e+00
-5.967451604350721972e+00 -5.661737446186093869e+00 -2.557143210332167627e+00 6.794864144716957099e+00
-6.586194328457136926e+00 7.086045962226913630e+00 -9.007681086670564774e-01 7.132408247621625286e+00
-5.892974883367271488e+00 -5.698280526521564582e+00 -4.082312640082252031e+00 8.559012865201628628e+00
-7.681167113560785964e+00 -4.581921299427452965e+00 -2.545534758433826816e+00 5.959192481208033243e+00
-1.012160182829047628e+00 4.563667780566552423e+00 -6.510556098326115482e+00 -8.325708590190565861e-01
4.374363171231433256e+00 -4.648828860126853257e+00 4.522933759548559252e+00 -6.882165091813972957e+00
2.228950232208774196e+00 4.432479469024091401e+00 6.828126873862828461e+00 4.235744491135621459e+00
6.861258249050290914e+00 7.556606601828144143e+00 8.023638721920605121e+00 1.882927101468548248e+00
5.266372564240032972e+00 -4.694870421784925973e+00 4.160860114911516305e+00 -9.374313173903351171e+00
-6.557135674988924912e+00 -4.775392561575142025e+00 -2.783161396600460691e+00 3.881875016198972794e+00
3.807107070517106617e+00 7.699300588521595046e+00 8.205704626873201235e+00 5.743050545240555582e-01
-6.626813831678478373e+00 -6.241601706512908798e+00 -3.522088118970603254e+00 6.671112650596435323e+00
7.506948180030201812e+00 5.659510291706538965e+00 8.558852154867674145e+00 1.468803347051763630e-01
-2.210270000165101667e+00 -5.676115498844316321e+00 8.822636312774390532e+00 -9.583318457359277787e+00
-8.470421671210912606e+00 7.052476797807030628e+00 -4.926382780930527172e-01 8.707274010503894601e+00
-2.382732556817035885e+00 -4.230780667662273231e+00 8.840579840557264646e+00 -8.824158837173587955e+00
2.483505938033960803e+00 -4.311156089371814382e+00 4.520089872426656719e+00 -8.225728385985432212e+00
6.077311484185294432e+00 -3.967441939263149475e+00 6.095883360999959422e+00 -6.581063541947723472e+00
-5.716115951297783049e+00 -4.835948146588616936e+00 -3.790891608606824725e+00 6.597576066123213678e+00
4.719961900019076673e+00 7.544762895046559059e+00 8.353170562003800370e+00 2.018853981515169593e+00
-4.933315161955160733e-01 3.331818035152330104e+00 5.084069412270467936e+00 2.598487775391307597e+00
-7.006824324705143603e+00 -5.582336036848873029e+00 5.153407565775938615e+00 -7.376345821909810141e+00
-2.208882626155855178e+00 -5.593019184245736852e+00 7.158324997011609625e+00 -9.081994935029108262e+00
-5.061431753351674168e+00 -5.253187409132182850e+00 -3.298958868969438463e+00 5.479069655173333331e+00
1.126516493118086437e+00 3.845393251651387345e+00 6.026969940769560274e+00 2.446004538873887135e+00
-8.723733858019652843e+00 -6.776894973542377798e+00 5.373073781045040853e+00 -4.732310980543623202e+00
6.990680561821561945e+00 5.502326691244014967e+00 6.441674125618138902e+00 2.023029722291116883e+00
-6.271458480975232952e+00 -4.622020339494650187e+00 -3.051371158586782428e+00 5.439307725265904558e+00
-2.310092481199093939e+00 -3.294351878163795710e+00 9.337564548289632782e+00 -8.348826334308318664e+00
6.211887630364761215e+00 6.893631338816224918e+00 7.008679594487166931e+00 1.016406951528764147e+00
-7.765811314271712895e+00 5.296936723133284453e+00 1.082679580419374066e+00 7.733704349470664319e+00
5.258720657760293626e+00 -2.866198923930804110e+00 4.515371101324871184e+00 -8.441839588912337433e+00
-2.266201985807249741e+00 -3.648551340986725400e+00 7.098548431840198347e+00 -8.227100779952570164e+00
5.584448230894325071e+00 -4.315708653537197570e+00 6.197074880542757569e+00 -6.220622159576775445e+00
-3.682373428525545833e+00 -3.930370107534165491e+00 8.335561071000148203e+00 -9.603015574838316581e+00
-1.662084660735768216e+00 -4.767765318697036570e+00 7.870988609842803463e+00 -1.093778235465929605e+01
5.575437642091264578e+00 5.795039939668056306e+00 7.249993674575574865e+00 -2.988372064363172820e-01
-7.354764697769434534e+00 -6.447240655223184014e+00 6.261594963117051549e+00 -5.500441579500322753e+00
-1.052674913761947373e+01 -6.399292877912482247e+00 6.150383996962136557e+00 -5.990473379191382897e+00
-8.852584252684483346e+00 -7.562509782854095697e+00 5.010372446687092030e+00 -6.088953034510041995e+00
1.523390769048267757e+00 3.493844968387898042e+00 6.110429372383009650e+00 2.318126462248333297e+00
-5.913671655573693897e+00 -3.094979867531446160e+00 -3.960688533348913687e+00 7.242559813238881539e+00
5.730209405462364458e+00 -4.432165245912335294e+00 4.095722185736483389e+00 -7.969221680932253804e+00
-6.839180239781565973e+00 -4.988907312674720096e+00 -5.055507951333140682e+00 6.941257450814346086e+00
-2.824359560704889027e+00 -3.727778939191969343e+00 7.557222863500321353e+00 -8.470841073320663384e+00
5.488151164585334918e+00 7.528485037548231062e+00 8.917127245964923787e+00 -2.665408776021226389e-01
-2.977560371637691716e+00 3.101465441963616954e+00 -5.296405239921933017e+00 -3.011220387706284640e+00
-5.715335839389752870e+00 4.924639895112776777e+00 2.718636485453126417e-01 9.648651988052904471e+00
3.166672243738199111e+00 -4.233057652720016328e+00 4.144413483548283317e+00 -8.100679229857121300e+00
-4.471371996284057015e-01 -4.729533089847112848e+00 1.039647750741615440e+01 -6.621962095950133076e+00
-6.546095415655551975e+00 6.220875692390800182e+00 4.080141840846465695e-01 8.716516191086396859e+00
-5.182551224761788866e-02 2.881497866624133763e+00 6.442993398779234049e+00 3.316977123898224189e+00
-8.341310575643751335e+00 -6.070331526706362446e+00 4.547272823593588420e+00 -5.447472608210705225e+00
-1.588128388931498547e+00 5.808741644286589789e+00 -6.890199201868320245e+00 -8.983248914985381139e-01
4.800098835591446900e+00 -3.711452691445188634e+00 3.244816515975028626e+00 -9.458445661250481251e+00
-1.012453639379368830e+00 5.605516515347088280e+00 -3.163696072950231919e+00 -1.743062744615991866e+00
-1.416832471115827108e+00 -5.167882516570724505e+00 8.914818898250214119e+00 -8.505145953129980896e+00
-6.102982905343777631e+00 4.976808299214289910e+00 7.774328111825945520e-01 7.601635714755805573e+00
6.600576064448669733e+00 5.968129301494638383e+00 8.884978259262956257e+00 -3.196028442552899529e-01
-2.964591687846149792e+00 5.416352551487292111e+00 -4.317386108827954594e+00 3.307213546646246005e-01
-8.975413277981163063e+00 -7.634656329584157852e+00 4.656133418271478419e+00 -4.428149153699072471e+00
-9.938534352316436227e+00 -5.052708439708800015e+00 4.633550343545786099e+00 -6.485487768318590973e+00
-1.950355968164582343e+00 -4.769196979578535611e+00 7.458452959066058874e+00 -1.015959387767098399e+01
3.953355550265030161e+00 -2.721966158611286879e+00 4.702148272664198103e+00 -7.605979758384118661e+00
-7.192544774448156986e+00 5.042826923439903908e+00 1.919293360008310412e+00 9.327684758652653230e+00
-6.129016909679241287e-01 3.613294446612763444e+00 6.207348266720623897e+00 2.143690643028744791e+00
-2.590744642381844098e+00 -4.068127547907624653e+00 9.250565289812133329e+00 -9.354271210001018133e+00
-5.549283246570550610e+00 -2.327942208103560784e+00 -1.890447712865398477e+00 6.157207904385745501e+00
4.478971706646634132e+00 6.973850857846959350e+00 9.222364831330668977e+00 6.219421016528901003e-01
-8.400554820914369003e+00 -5.969807779807696058e+00 5.360571418112557218e+00 -6.237795129209847467e+00
3.499380267196111838e+00 -3.850499854885941708e+00 4.409577149311795452e+00 -8.002362759027548123e+00
-8.410653706976868094e+00 5.692648654657530116e+00 9.974977903674521196e-01 8.602901179183650271e+00
-5.848706455544271599e+00 -5.652358898237705986e+00 -3.251854435662580478e+00 5.344690482090101113e+00
4.224161720936566056e+00 -5.652344122261617088e+00 5.881774843925301255e+00 -9.785965422828807547e+00
-5.274901096295788072e+00 -4.397209448530968956e+00 -2.191284946589869609e+00 5.558326223060710447e+00
-3.127560867219180807e+00 4.209327385417819478e+00 -5.941107975799489793e+00 -9.673050495336192878e-01
-1.083260546574168792e+01 -6.264003571729159781e+00 5.459758220017699948e+00 -7.135887904354111910e+00
-8.952689548946064502e-01 -5.866953736495555738e+00 9.217848937291265088e+00 -8.945252761569085109e+00
7.790855411638244910e+00 6.577509883256033696e+00 7.659057753986965977e+00 1.100973281420185135e+00
9.679374040458375017e-01 4.388497783526382534e+00 8.666666293173410196e+00 3.789503659543318914e+00
5.755967895719790839e+00 7.018286787605550359e+00 8.851483910098545849e+00 6.897219334825039905e-01
5.067491282517981865e+00 5.830238464373707075e+00 1.050979979534975683e+01 1.772443401118879880e+00
4.318755759261911464e+00 -4.340727474135303687e+00 3.753014312414460818e+00 -7.007518544113377601e+00
-8.857775796414916414e+00 -5.568462401794839423e+00 5.604018584688611249e+00 -3.067532078763576475e+00
-7.472219449792905976e+00 -5.964720149267792593e+00 -3.500684505782005296e+00 6.066665658552763851e+00
-1.052963309005850867e+01 -6.918945397180649159e+00 5.590383855043286943e+00 -5.026269203131221275e+00
-8.805317075555636919e+00 -6.286472024002169867e+00 4.556340956385401597e+00 -5.219821870989083124e+00
4.992217737772437935e+00 -5.424452651711878737e+00 5.047990491047189110e+00 -7.202560219765046234e+00
-4.235187651608235404e-01 2.659325674297867259e+00 6.322094929643638395e+00 2.512422124940909551e+00
5.880141497516656379e+00 6.118885485321538198e+00 7.447925509849068426e+00 1.947889327038745400e-01
-6.401892597935279206e+00 -6.302359289048487412e+00 -4.774276847797136014e+00 6.671422100288445733e+00
-8.470919106981529723e+00 -4.350335135236528927e+00 5.410129085690044803e+00 -5.628955020885865856e+00
4.372938168033893014e-01 3.534427623848060307e+00 6.981657515484055665e+00 3.504494544303292436e+00
-1.058985972483600513e+01 7.316712627753436671e+00 1.692485224355401441e-01 7.231896126720184448e+00
-1.838383879391776166e-01 7.240470404347572497e+00 -5.509074205767245935e+00 -1.269266460555150022e+00
-1.579254837659916255e+00 -5.448472913871693635e+00 9.894108712391719962e+00 -7.438585849623965629e+00
-9.762220496443129392e+00 5.242972943473003689e+00 8.226186742007096653e-02 8.233896160947070442e+00
2.463881059768920911e-01 4.950477335770723464e+00 7.555281739034615640e+00 4.532881036385298934e+00
-7.660945475661653070e+00 7.101999599650313577e+00 2.266282601537378483e+00 9.005623667104117658e+00
5.252817307905148780e+00 -7.232209988004967727e+00 2.734460864195345842e+00 -7.166929451349896674e+00
4.358902039801547668e-01 3.571687570948575363e+00 6.562365774270723762e+00 3.052876316649412836e+00
-7.579745884016749535e+00 4.135456060018905866e+00 1.838469602007172465e+00 8.282970529711452201e+00
3.296587883215810422e+00 -3.970996984310517064e+00 4.883237410595862471e+00 -8.579333865079313171e+00
1.351285931002208951e+00 4.246500212065946300e+00 6.545095968413686904e+00 3.648069702334499453e+00
-9.887049187342105583e+00 -7.351672479424958162e+00 3.730884277764161983e+00 -6.764486858914067646e+00
-4.070861384969008512e+00 -5.357226528436646262e+00 -3.403388821861305313e+00 6.366471861345817551e+00
-9.579786241864882257e+00 4.865803812225199643e+00 1.216855213864441732e+00 7.949232048345827195e+00
-9.178765769959003507e+00 -5.206372105018862051e+00 4.477362045243610922e+00 -5.419202818243896047e+00
5.082797365177124327e+00 -5.320095082836478362e+00 4.262169565959494477e+00 -8.804506815148467780e+00
-1.461966633137753879e+00 -5.863009709930991242e+00 8.367529928344781709e+00 -7.280870956454313259e+00
-5.838226778992294808e-01 -5.388825964135711466e+00 8.382367434815774843e+00 -6.815772498999754347e+00
6.985934849939891222e+00 5.921853074354783253e+00 7.701413782585588841e+00 3.231111174274943210e-01
6.615118890693010734e+00 7.898915984434184523e+00 8.153140935750156970e+00 -1.108116325445785089e+00
1.467937054325226143e+00 3.706642164470156597e+00 5.731438252113391307e+00 2.543868307596939271e+00
-6.304930850541914822e+00 -4.469345273074395664e+00 -2.637700574216668592e+00 6.780927371942164328e+00
8.069761819873249920e+00 7.157366622337041129e+00 7.125058938814727405e+00 3.458485798694438396e-02
-1.199292061331287629e+00 2.517881953372836712e+00 6.714707222913407492e+00 3.267893194561859893e+00
-8.746741233614217848e+00 -6.267206926904357545e+00 4.562302809396559411e+00 -5.527193535068827934e+00
4.430912144229975702e+00 7.008772243459623574e+00 8.608495189405468651e+00 -9.586301816261280084e-01
3.336792711341538542e+00 -4.611610237984533178e+00 3.928295952461095641e+00 -8.546833001088771198e+00
1.135076141896143476e+00 6.540592254975890363e+00 5.903944291170425629e+00 2.760863707892755592e+00
7.637923160556226998e-01 3.642817387821200903e+00 6.483500568817729182e+00 3.276586348111870439e+00
-2.100693050740161993e+00 -4.834703667878444300e+00 8.200328905782006572e+00 -8.761187344758866402e+00
-1.055487921682312624e+01 -4.659145940747020376e+00 4.054871320670198287e+00 -5.876967818290567358e+00
7.512369717160911620e+00 7.964715194427103739e+00 7.701471029470602581e+00 1.390258582843479029e+00
3.055654844225207611e+00 2.426993058665584790e+00 5.916063694464362754e+00 3.115981489631957313e+00
4.532850315763847782e+00 -4.269699879795271436e+00 4.865020343447685747e+00 -8.105658052861853591e+00
-2.115379860006825208e+00 4.267716834174288820e+00 -5.143633395855170320e+00 -3.586548444619364062e-01
2.090873366543901657e+00 3.860580383041134045e+00 7.680675930077404345e+00 2.547895149629672673e+00
6.195169357218293982e+00 -4.499919182604567247e+00 4.769894673134802865e+00 -7.530551070008613124e+00
2.178235679571647321e+00 -5.297029042320185788e+00 5.142766240485102003e+00 -6.072672483873436278e+00
-7.016398080279031113e+00 -3.402331106872916955e+00 -1.548778538471974109e+00 5.734098075119574922e+00
-8.482810609203548680e+00 4.753278634513711687e+00 -4.020409462066347750e-01 8.407287256857861379e+00
-8.070170330295683314e+00 -5.462720885772947454e+00 -2.363346785899518743e+00 6.261432812409764459e+00
2.766476261519786650e+00 5.064197807087907677e+00 6.688955900559444778e+00 3.197946246963708106e+00
-1.181945784328529570e+01 -7.864778994993177896e+00 4.673623680678451464e+00 -5.489227064262339084e+00
-6.852951962967955168e+00 4.822040486315057883e+00 6.698215871811228350e-01 7.876981947242970072e+00
5.825248686676456344e+00 6.190244549622945236e+00 8.533847206563727639e+00 4.104548644024981208e-01
6.681571332650290351e+00 7.386616012601852077e+00 1.024622959292364399e+01 -4.262677540040358259e-01
2.381141086312061894e+00 3.618662974047762049e+00 5.088920507520266590e+00 2.795227401262357247e+00
-5.346326333013225351e+00 -5.909734419651284654e+00 -4.793710872552736646e+00 3.318065529571223138e+00
4.693735285607767871e+00 -5.204268885477719486e+00 2.122072014262194717e+00 -8.160046918875311306e+00
6.370937262419301916e+00 5.853589747902583795e+00 7.860312055731464298e+00 1.638162226318491621e+00
-8.626877325081003800e-01 -3.680310074433035261e+00 9.292219839268417658e+00 -9.175904947674743184e+00
1.285275145342068548e+00 2.544877271187371282e+00 7.165375076694280310e+00 3.646646984676865877e+00
-8.187292009341269328e-01 5.615880334105227689e+00 -5.243006444526814747e+00 1.624333972766107692e-01
-5.220219456919930501e+00 -5.630213887270614670e+00 -5.126583608848335416e+00 6.894811664244429927e+00
-2.148935440929019780e+00 -4.160620743231360663e+00 5.466849855294487526e+00 -8.680816083404099714e+00
-6.685387583728036986e+00 -5.956921274911864295e+00 -2.599225748137274028e+00 5.910534618353572966e+00
-8.742737130543666524e+00 7.926551511226962887e+00 1.811179008760669173e+00 6.841314187026458882e+00
2.432623283644359091e+00 2.503071449568426310e+00 6.530885601599322854e+00 3.171926158226188619e+00
-1.032931504023418379e+00 4.474015599396356180e+00 -5.199070778952872729e+00 -1.119471574787453516e+00
-7.980743173854192740e+00 3.558168722415574248e+00 -1.125527288036922036e+00 6.910664783640551256e+00
4.314837072867780066e+00 -3.570233782426321056e+00 3.756928042640023335e+00 -8.557096550594220474e+00
-8.965046715612906780e+00 -6.736704849138654083e+00 5.383874478882278325e+00 -3.217251163418553883e+00
6.045117240217428467e+00 -4.908751599082989969e+00 3.666862513960917003e+00 -7.655089413812654620e+00
1.939647225649086870e+00 2.569329584583480930e+00 5.987755131592660263e+00 2.323184451950921048e+00
-6.916092211406664525e+00 -4.683390601057984881e+00 -2.960437179756445936e+00 4.521129820244345510e+00
-9.039377281293885513e-01 4.870601128209284703e+00 -3.589496583894145498e+00 -1.537372815313509999e+00
-7.647414112706375278e+00 -6.607721779689406105e+00 3.808812337700071993e+00 -6.134408909562129253e+00
-2.862290093750905484e+00 -3.698726885083658544e+00 9.880517729215581468e+00 -6.803114263289366193e+00
5.612960920858424352e+00 6.229573873485195534e+00 9.178960838104833542e+00 1.297677698942210633e-01
-9.120220754292482468e+00 -5.079858062083314252e+00 5.962033907848755199e+00 -5.484930195824721189e+00
-1.090482747225620663e+01 -7.322097617248649826e+00 3.998690366035125621e+00 -7.182390922861483062e+00
5.358204272202161889e+00 -3.854351693995944128e+00 4.446778916533456361e+00 -8.864391199943556288e+00
-9.805281937682959637e+00 -6.012023643081509938e+00 6.556602649231139779e+00 -6.638087689383286971e+00
4.141179058958273096e-01 4.074323153106210960e+00 6.464920573055642272e+00 5.056498032031282008e+00
-2.339142887801763937e-01 2.727682988375854656e+00 6.599654556238844449e+00 3.045499080275805071e+00
-8.382063415422965846e+00 -5.942887734416800072e+00 4.759729894604599387e+00 -6.108110690808030263e+00
7.863954535730051099e-01 4.690579791250327091e+00 -6.173351624443330188e+00 -1.478928007684457313e+00
-8.634627653779920919e+00 6.378922192166049498e+00 2.689682800976979649e-01 7.973310357261549797e+00
-1.245666070758634447e+00 -6.478268295306254920e+00 1.010636647257434539e+01 -9.904938595591444184e+00
-5.834979955546033104e+00 -5.926453134547520207e+00 -1.647308885932464495e+00 6.578085031820275930e+00
-1.844892931171416173e+00 -6.253342911514017999e+00 9.443414976848121256e+00 -7.963805353612089633e+00
-8.356994322572266043e+00 -5.441929655892820072e+00 5.136142850023159845e+00 -4.194595765720285030e+00
-6.391337443531071472e+00 5.895461446865209787e+00 1.443024278793610726e+00 7.164664311762512838e+00
2.022878604725093510e+00 3.708223457140829904e+00 5.547332450583801311e+00 4.761924226089581325e+00
4.790524234249788016e+00 -3.772292379070989909e+00 5.673208114962402959e+00 -7.466396775066971969e+00
-8.942297319506200992e+00 5.268647346910880991e+00 7.070594780850125716e-02 8.243472986617858211e+00
-1.927561278284147361e+00 -5.923771685418132371e+00 6.446026563569809298e+00 -6.678278512406906842e+00
5.547724672795930623e+00 -5.254770118643900645e+00 4.119471414692819522e+00 -9.904525071091383026e+00
-6.417186091792463465e+00 -3.998455236923505574e+00 -2.638639584768089907e+00 8.846546701291210013e+00
-1.206354182171788247e+00 4.917161605112779554e+00 -4.075486648975724435e+00 -6.967187020765535088e-01
-2.678722134167147439e-01 3.895674564520221761e+00 7.624970919750131415e+00 3.816712074345136152e+00
-8.535383933148692037e+00 6.067664971039536503e+00 -1.560560391500798394e+00 6.601527998905741157e+00
2.894137660093679010e+00 -4.163615382111637508e+00 3.527255652821997600e+00 -7.616081055485042661e+00
-1.554420509537207451e+00 -3.412941221505550349e+00 9.565029187203913708e+00 -7.368883875170245901e+00
-3.589899897612185864e+00 4.087355914657063494e+00 -5.150501125647465095e+00 -3.298692176468016046e-01
5.576695292859083608e+00 5.821277489978534447e+00 7.870013645037480465e+00 1.139083244560246788e+00
6.689210162783195024e+00 -5.246618289781030064e+00 4.857698784651225843e+00 -7.167760248221735964e+00
-9.682724714806946409e+00 4.342678211301688407e+00 -2.053348881195943276e-02 9.128851447950772524e+00
5.364821398621342219e+00 -3.333106837836516068e+00 4.920586628739779478e+00 -8.730328005107676148e+00
5.774115361831324122e+00 -3.964237716505474296e+00 3.230154456218908177e+00 -6.754580042724201761e+00
-7.514972394699349856e+00 5.079178430687592893e+00 6.631063818074061089e-01 7.610124863806899675e+00
-8.010433665512566748e+00 7.016123831679446532e+00 1.273747444635001447e+00 8.131096710728996868e+00
-4.155936656392777095e+00 -4.263585036082313096e+00 8.518512126793723382e+00 -9.144048984011368120e+00
-6.756897039905806146e+00 -4.760553275040026122e+00 -1.310638527178434432e+00 7.124985426495375584e+00
4.622905579969052603e+00 -4.879320260305330059e+00 4.030000229897969355e+00 -5.588212631515803608e+00
3.294047415646492283e+00 -2.829523865069777155e+00 2.826404006935040680e+00 -7.197980329111418385e+00
2.878780356053412870e+00 3.797881781231648990e+00 6.373346486210111905e+00 2.934421129704155362e+00
5.436920240174350383e+00 -5.168003417049135351e+00 4.586207166087177711e+00 -8.691132385201965960e+00
-7.336715956892987833e+00 6.014791226445554528e+00 1.159356598031119123e+00 9.414503073808917932e+00
-2.080396516548117525e+00 5.776156294066727703e+00 -4.013773635590148992e+00 4.357913073673724824e-02
-8.199597491389850390e+00 6.087894626938560982e+00 6.683447725501324710e-01 7.241838602610441100e+00
-6.655689178421753116e-01 -4.177374292889616925e+00 1.005662374795763192e+01 -6.021181278449615704e+00
5.796239594249666283e+00 -6.458412872976048824e+00 3.800069950212420888e+00 -9.962622835277405997e+00
-1.543632051304595576e+00 -5.067818320134851895e+00 8.759056577920043551e+00 -7.663744645468407057e+00
-1.640639177032505724e+00 5.042974614868767524e+00 -6.406730839892414764e+00 -1.064956638390087251e+00
6.418730641750979515e+00 8.630830024532892608e+00 8.326213874373980417e+00 3.041479590136244582e-01
3.230658896027245319e-01 -4.705614837681366680e+00 8.291931377461148500e+00 -8.811779882769712913e+00
-8.675151478590608090e-01 5.701797189774843844e+00 -6.015032465984639032e+00 1.784172373209080398e+00
-9.697225870640362899e+00 5.991929453337276890e+00 -1.865775686131331268e-01 8.171598990801514972e+00
-8.908239651056263142e+00 -6.642964381906223181e+00 4.131973173757586437e+00 -5.218292647869648526e+00
-1.503944461596695481e+00 5.808203335493318242e+00 -4.901707173454328270e+00 -3.848472421008949373e-01
-1.036862108396457316e+01 -6.837108742620896962e+00 5.591195976750944929e+00 -5.520617402897671333e+00
5.117729922098031459e+00 -4.084632478976327086e+00 3.947695688741756470e+00 -8.654900883667503209e+00
-1.103473456075700021e+00 5.397782132313143855e+00 -5.279245340470064995e+00 -3.868666311973689709e-02
4.219677291839707856e+00 6.849710252695624391e+00 8.819283899155150763e+00 1.193403854796394881e-01
2.636900180517908865e+00 3.739482534372644107e+00 5.994927831387045103e+00 3.671421904128904679e+00
-9.001245191675923962e+00 -5.856507382078536494e+00 6.370988150671383465e+00 -5.696013044075090015e+00
-8.887037498301692651e+00 -7.270315273752453678e+00 5.901871357256238682e+00 -6.289924851946647522e+00
-1.361431014065952683e+00 -4.896800050901196855e+00 8.522027434996072515e+00 -9.497667255310670242e+00
-8.814825875811186151e+00 -2.952062480823663293e+00 -3.992786862238391965e+00 4.431458508105500904e+00
-5.725708878475517238e+00 -5.429956742727148900e+00 -3.837551430601275460e+00 7.012666555467747642e+00
-1.051429952589691297e+01 -6.591041879483757526e+00 5.470168565581159825e+00 -6.241075110152248584e+00
-6.767269452022177667e+00 -6.777214663459387722e+00 -2.028779880501081934e+00 7.406312817751548927e+00
-2.141733274604023407e+00 -5.575342514954603423e+00 9.119961719548651757e+00 -5.429082019890996591e+00
-1.774906850688266591e+00 -7.213950309515524850e+00 9.624077024645520950e+00 -7.196209863969502685e+00
-2.010283253958456751e+00 5.095804730841077657e+00 -5.500088962675443227e+00 -7.948791310331281279e-01
6.931376649526716172e+00 6.285399051383566693e+00 6.601540381187334106e+00 1.090837080918960478e-01
4.292364741410854556e+00 -4.495078179291912335e+00 4.649598966326826677e+00 -7.884033446421862656e+00
3.199406035073720567e+00 -3.590727849496352597e+00 4.875843247590549545e+00 -8.654121816290677671e+00
-1.122270368051665557e+01 -6.185062529508186024e+00 6.421972241791022107e+00 -5.439501075312984213e+00
5.407421895730817774e+00 7.804034124217729129e+00 8.484237675328472505e+00 1.066497688260222620e+00
-9.926270208282026886e+00 -6.053159198727373180e+00 6.613365444742923316e+00 -5.080887006240568660e+00
6.175081221166047740e+00 6.116148706993006279e+00 7.156133968307568871e+00 -5.061038356489696577e-01
-6.540027010702452515e+00 -5.587000866465795745e+00 -4.699686883810664462e+00 5.940680478760382854e+00
6.203037529187826138e+00 7.375099916018027280e+00 8.016196613068773402e+00 2.310401808237359855e+00
-3.589967096165088023e+00 -3.855217137544893369e+00 8.135345984114417561e+00 -7.817406479973532107e+00
-6.589389847681136558e+00 -4.096310952235104885e+00 -4.862808422581244905e+00 5.172416294604543552e+00
4.797712369242165487e+00 6.684295415660209905e+00 8.862954556371303028e+00 -2.108233301411949201e-01
3.966947180730738598e+00 -4.775146585694665546e+00 4.894609941474383774e+00 -8.187384152508132118e+00
4.314661505956782217e-01 3.056110533833683363e+00 7.558982993626488067e+00 2.505147039409373999e+00
-9.360424857380554187e+00 -5.472534487416583993e+00 5.094181450616969364e+00 -6.188236556869900262e+00
-6.603250361038059069e+00 -6.426201286573157034e+00 -2.418988579393379190e+00 4.182379834329095658e+00
-7.327552090273945495e+00 3.812452710953266433e+00 5.303329309396667135e-01 6.299464499057362055e+00
-6.520885376875013684e+00 -4.309415331434296448e+00 -4.544820331524152657e+00 2.710812090395651630e+00
7.164367354678411459e+00 4.913557047872846084e+00 6.580165059481181800e+00 3.207057471111730562e-01
-6.319712728371079891e+00 -4.343371140736415725e+00 -1.525263392758393177e+00 6.185187818147748651e+00
-8.778030540505669777e+00 -6.282132398772311888e+00 4.680850072386335547e+00 -6.036216044134691927e+00
-7.549871818144845648e+00 -5.417917793738089571e+00 6.779128534968270614e+00 -4.670819801659505721e+00
-8.506279454758324476e+00 -6.871154891345505611e+00 6.463745864758140058e+00 -5.188252106694289267e+00
-8.414459865021644447e+00 5.469804811571309600e+00 -5.165115010428893427e-01 8.760030538901288466e+00
6.098827046439363464e+00 6.165983966692708762e+00 9.577726455720100063e+00 1.175793842798346311e+00
-3.351523069941427790e-01 2.823202904229134891e+00 7.726530237967226711e+00 2.759290713017061858e+00
5.535724774823796990e-01 4.160224060381018774e+00 7.137419700855339499e+00 1.786586543083934719e+00
1.528637110099497765e-01 3.408342700692565952e+00 5.983269089401439089e+00 3.049538596024283788e+00
-9.816495512447666272e+00 -7.606404245048521418e+00 5.132169026693923719e+00 -4.800341816248363536e+00
4.273174058753349769e+00 -4.220573387890655503e+00 2.870051314571852696e+00 -7.955247407199929732e+00
6.746659705786797190e+00 6.490200213768171800e+00 7.997882561694466652e+00 -3.464797622694628654e-01
-6.074694989948905111e+00 -4.436136925137843079e+00 -3.863030117369385952e+00 6.058640345547426698e+00
3.866681790430186894e+00 -4.995017575137646659e+00 6.346675129388228420e+00 -7.612290103570352073e+00
-2.086630924582772550e+00 -3.488762418015882716e+00 9.232889025352536194e+00 -9.162479893985224777e+00
1.313975279758386461e-01 4.509678282373247526e+00 7.528276339965468189e+00 5.430460309729787660e+00
-5.288364613931413771e+00 -5.838696064508534178e+00 -3.617176195989509235e+00 6.075746040706055062e+00
5.838084249023958172e+00 6.713344558854138278e+00 9.183955021212799608e+00 9.201818267309699317e-01
6.601630530726125379e+00 5.911741446790799159e+00 1.063856563260497623e+01 7.528278888526471757e-01
-7.819283083718970850e-01 4.206653088942488239e+00 -4.044203646391880014e+00 -1.237433737968559377e+00
-6.435000497836218081e+00 -5.183947139574438090e+00 -2.446410108129736027e+00 4.023950334280704588e+00
4.358247706541616973e-01 2.957066919721583531e+00 7.097431744579415280e+00 2.993933109469920861e+00
6.389080193766107918e+00 6.446036826768182237e+00 8.879519368413152591e+00 -2.812673408317371226e+00
5.303712738237180702e+00 -2.581235012176981591e+00 6.002427387351879418e+00 -8.022531860322153818e+00
-7.264297975765333426e+00 -6.825736383822072817e+00 -2.569577068259280672e+00 7.034257419631348540e+00
4.247612559050509162e+00 -5.475669180245109402e+00 3.476222017278049137e+00 -7.471951592217814131e+00
4.215582046699355878e+00 -4.166296887388329928e+00 4.115204109577984326e+00 -8.075691008985106834e+00
-8.383169454555378763e+00 -6.393895747327365875e+00 4.718123245611401728e+00 -4.960987824614259800e+00
-1.587588147209007428e+00 -5.586893470696603359e+00 7.273531568856791196e+00 -9.662247907637793176e+00
5.568016317461226272e+00 6.774297931041700416e+00 7.701905588217928589e+00 8.660266938112934909e-01
-6.934669562792360686e+00 4.790873066624347310e+00 4.166068652059511379e-01 9.632248733028824006e+00
-9.266097768618686281e-01 2.738954921809067855e+00 5.937194443260810139e+00 1.050641212866220364e+00
6.302957802092261197e+00 7.573674342103673851e+00 8.135077383683693597e+00 2.659863716898799302e-01
-7.709650126739308718e+00 4.887833502822591214e+00 4.008186259458509371e-01 8.192227144865947608e+00
-8.398844040506466158e+00 5.865606726087881029e+00 3.066402522150563636e-01 8.070575820838351788e+00
-7.993164632687351556e+00 -5.101796583992192602e+00 6.551682082586036238e+00 -4.383980006507417926e+00
5.085270966212618760e+00 -4.108138147216969571e+00 4.337954164926853373e+00 -6.621421976866506576e+00
-1.521624188843445413e+00 -4.714521702457451724e+00 8.228977199723118474e+00 -8.807990298695413500e+00
-7.902333228626430284e-01 -5.064805078800704408e+00 7.819480339686441184e+00 -7.870063866643013384e+00
-2.428074292354360786e+00 6.084592485860030209e+00 -4.623000896028295337e+00 -1.101552063662645242e-01
7.133032021380891763e-01 5.386586146060565738e+00 -4.215917433682724536e+00 -1.332118124894652755e+00
-6.018178275643358610e+00 -4.537285148639917942e+00 -4.149448506446829832e+00 5.552146063298487810e+00
-3.870493559565783670e+00 -4.270349156088850684e+00 -3.575076433580867352e+00 6.889348274787606030e+00
3.187208340525421235e+00 -4.007163352316705840e+00 5.166727552377196275e+00 -7.235072552336975882e+00
-1.847687119422908530e+00 -4.337007704635814420e+00 1.034493468657207593e+01 -9.305049556094875385e+00
2.511766894840152808e+00 -5.783827856833924308e+00 3.994279464494655763e+00 -7.204190274270734662e+00
-6.898548651554173183e+00 -5.178290383022513765e+00 -2.346134331743408019e-01 7.799441297040043075e+00
5.112966714732487539e+00 6.981578019940656965e+00 9.643744352575639667e+00 -4.519258196519094772e-01
5.480586971505312377e-01 4.425581929135279147e+00 -6.197806651430362912e+00 -1.681786657962737630e+00
-6.690853209317262351e-01 -4.486002922339970667e+00 7.342059674517597223e+00 -7.810183603481180015e+00
-8.548682381101324612e-01 -5.890619653477767947e+00 8.268024870049654140e+00 -7.258826147998635570e+00
5.066324195735209202e+00 7.234561302625350798e+00 8.706061340813228355e+00 -2.464666470126424258e+00
-1.186840312499492622e+00 -4.527801775168248888e+00 8.660504678618666574e+00 -7.917239915161888852e+00
-1.612755575354803295e+00 -4.775854504185476301e+00 8.900305325810428769e+00 -8.418452828361873586e+00
6.063985241397880088e+00 7.082061623105754933e+00 8.177573603382201739e+00 5.965879000212492844e-01
-3.923445405586951651e-01 4.655092035993020794e+00 6.160642494909206235e+00 3.905330851485591115e+00
-1.100512400861913154e+00 3.024475910401108081e+00 -4.923733635163718425e+00 -1.391599107186880957e+00
-6.156236083193094011e+00 -5.165034746394878695e+00 -3.742749734132636341e+00 6.336840330039784419e+00
-2.725020995876810126e+00 5.952377556040469031e+00 -5.297049235659731181e+00 -1.412628418857542201e-02
-6.995074954767140696e+00 5.100107079399464283e+00 -2.763948898030392787e-01 8.596940508966438799e+00
4.617251285240866476e-01 4.372122189442114504e+00 6.041911071304690850e+00 1.573449915528232879e+00
7.049704188982197195e+00 9.144027699370331774e+00 6.679498761540024532e+00 2.262182902596338252e+00
-6.626628947554687343e+00 -6.174830245228255521e+00 -2.427720049932402091e+00 5.750191472953034122e+00
-9.928841479251989455e+00 5.680972035120026575e+00 1.666712062357383894e-01 8.453644651874277827e+00
-6.840534141854580419e+00 5.189980876819251243e+00 2.101901594581267740e-01 8.289877507467529938e+00
-3.587769669267236949e+00 -6.001553783821188759e+00 7.180848803902094346e+00 -8.713724637811264273e+00
-6.741561626741132685e+00 -6.948672227056661654e+00 -4.161849428787219196e+00 6.684102986066201346e+00
-8.408764470457049001e+00 -5.915003751352039707e+00 5.772715899557868013e+00 -5.537910402488609662e+00
6.576473070127930143e+00 5.562926074545969435e+00 7.403260877137011420e+00 1.205803572648881827e+00
-8.941079921162380373e+00 4.897858938268880635e+00 1.393507565134439519e+00 8.360756453461917204e+00
6.712577038238246807e+00 6.920225400641959901e+00 7.924990724934458441e+00 4.658822215607566486e-02
-1.051252061915531755e+01 -4.576707099234349485e+00 4.888454697089358980e+00 -5.588230099350704805e+00
-6.844105382369107815e+00 7.061167113826853026e+00 1.543064482819521410e-01 8.173336203257795418e+00
6.146544125743030662e+00 -5.215959519899972641e+00 5.928878265501003497e+00 -7.177664324877770952e+00
-8.193252007331611964e+00 6.030286749588639417e+00 -8.854538784993608580e-01 7.776399363102881601e+00
-2.465952886437100311e+00 4.819944791404812356e+00 -4.833251798151739109e+00 1.713208588117663966e-01
-1.095047935844954967e+00 5.557636911875368568e+00 -5.218943142988345940e+00 -2.175732686684303197e+00
5.773128079412397362e+00 -2.523525675732209095e+00 5.303198476433032660e+00 -8.259388357661338276e+00
-8.860966233076428722e+00 6.015669828791093465e+00 5.428943895893497684e-01 9.750309613972724776e+00
-9.294393795938917791e+00 5.846455833693970483e+00 1.112755300575418715e-01 9.273338164562170860e+00
-7.644619022830432264e+00 -5.425872442840994125e+00 6.018978017639146749e+00 -6.894460255318111130e+00
-3.165272781301796012e+00 -4.000886199191201698e+00 8.974322083145429119e+00 -8.659180184213198572e+00
-7.528065231502898413e+00 -6.316119511928467212e+00 4.987112108911948560e+00 -7.184952775772526223e+00
-1.826861617544700334e+00 -6.407266162725095526e+00 9.622644074108531953e+00 -7.344841073282585953e+00
-1.070446691014205642e+00 5.079859450131826826e+00 -5.599617784494627770e+00 4.473206970318306386e-01
-5.317170131547208634e+00 -5.048883560601740150e+00 -2.447337222093295850e+00 6.959368312068400009e+00
5.192024483586601846e+00 -3.368187825902437371e+00 5.717652758768269727e+00 -7.945205365813170495e+00
-6.848723238496553734e+00 -5.957716016795314040e+00 -3.812711586917350903e+00 6.849514122916220416e+00
4.750295686568294151e+00 -2.106466227195090912e+00 3.839323641521593000e+00 -7.116484624578522045e+00
-7.855912349761831059e+00 5.559227095932947726e+00 2.021440698304605987e-01 5.569096368397335794e+00
-9.200264823916946000e+00 6.308406992646250266e+00 -6.660970936467880410e-02 9.177990448313709138e+00
-3.450227086388087727e+00 -6.090054038527883407e+00 6.675599002993688913e+00 -7.893818777405173570e+00
-7.863800328177964261e+00 -5.812879572445892151e+00 5.330306599599682116e+00 -6.198489065565396139e+00
6.925963479936746436e-01 1.949772038017462794e+00 6.941977075351227988e+00 3.070965353789911756e+00
1.983604708554159934e+00 2.417803159170048843e+00 7.099008726727812579e+00 2.442858790300378224e+00
-1.001008413436333377e+01 -6.904025346741842206e+00 5.369152360147060321e+00 -5.904176504565518790e+00
-1.454389929909263302e+00 -4.145462863035128898e+00 9.615582656832959429e+00 -7.370943711930331155e+00
-6.189504332931978325e+00 -4.022554368793368695e+00 -4.415422734631622603e+00 5.754997783320672688e+00
-9.685412384166456334e+00 6.060960812495308048e+00 6.138811501033086815e-02 8.953240097146766274e+00
-5.791273593551576226e+00 -5.420177708447021736e+00 -3.178895029811849682e+00 7.208325167578362169e+00
4.211090958592819788e+00 -3.361865794518308803e+00 5.065407586075065360e+00 -8.627903542353084987e+00
4.824152236608783895e+00 -5.325550519430551688e+00 4.982698694015674334e+00 -7.312444082811562218e+00
-9.834757556584987626e+00 -6.212344070693291087e+00 2.848927258645992833e+00 -5.170245626826576846e+00
-1.258225038626648917e+00 4.382891764211271912e+00 -5.816987608133882937e+00 -1.892484814104084645e+00
-7.637038372237738848e+00 -7.045899119171475711e+00 6.160140962299344380e+00 -4.689538675065902495e+00
-7.990749864137739467e-01 3.467352674412483182e+00 -4.321513393845868301e+00 -1.870789656363190501e+00
7.319151366589489172e-01 4.102186370340342059e+00 7.193883205269751002e+00 2.715170718030556873e+00
-1.729065976397054616e+00 3.778101753536042828e+00 -4.820849879904532287e+00 -1.691700149010432197e+00
-2.076647518526610448e+00 3.920822309344895729e+00 -6.024256383018390615e+00 -5.610886499674656580e-01
5.532773035762178493e-01 3.023353469162454399e+00 5.765545302110745673e+00 2.410440844888034562e+00
-3.136911199315737697e+00 5.252479880446695226e+00 -4.051563971917670592e+00 -2.402741506844208619e+00
-2.234160216496622553e+00 5.112949313885602365e+00 -5.135399225128064238e+00 -1.638587571089329620e+00
4.927990611692244727e+00 7.162842073722703873e+00 7.734039452476380916e+00 5.109564808944900838e-01
-1.528468273821950163e+00 5.108253717644124947e+00 -3.115917890590085282e+00 -4.479707969809908485e-01
6.103193420044560114e+00 5.299740225509309788e+00 8.329866441883989836e+00 8.145815249753778353e-01
-9.772661666621571541e+00 -5.177582301551536759e+00 5.227701128024913046e+00 -5.935200131605834706e+00
-8.101808043516093960e+00 -6.471809854537455386e+00 5.119587789067279182e+00 -5.981000758610607981e+00
-1.394646537563443145e+00 5.637752219153832733e+00 -4.747249164310313851e+00 -3.458803673158540315e-01
1.358003539467466769e+00 2.250871579120542698e+00 6.331529577944947640e+00 7.616813974923775099e-01
5.225688595526885472e+00 -3.871457868085882659e+00 3.552740161434381427e+00 -5.615182646921548226e+00
-1.395373205153056517e+00 -5.432257758113669510e+00 9.276542593406155390e+00 -9.401143528622982970e+00
-9.757844613815285228e-01 3.724717290894314470e+00 8.877104573158623779e+00 2.247360446315836313e+00
-7.472401189083006656e+00 -4.725319595206830314e+00 -3.026964235999332953e+00 7.547198094565350068e+00
2.375127240244292892e+00 2.695024443166482264e+00 6.925943434224782536e+00 2.090830093996250305e+00
6.957015490527927781e+00 6.487830796604071359e+00 1.055490749925306915e+01 -6.811035673653145217e-01
-2.736027432836837026e+00 -3.806655561668564225e+00 9.312553203593420648e+00 -7.672358439659754836e+00
3.383981163152083305e-01 4.614393827816472893e+00 -3.611816764610222386e+00 -1.206469788133385013e+00
-2.532776348753894347e+00 3.110514308343403478e+00 -4.403071191086982417e+00 8.984877211905872851e-02
-1.665549951299701625e+00 -5.017739514576387450e+00 8.236357018587344925e+00 -7.968323630141544989e+00
-8.842130505124409012e+00 5.082610266473441385e+00 6.500888978010344044e-01 8.570018526982087437e+00
-8.289134967333129822e+00 6.604621231632638256e+00 8.211761489156050864e-01 8.557479006202525440e+00
-7.957742803697786194e+00 4.737894827307204793e+00 -2.045268808609324918e+00 8.433827792953245250e+00
5.009377564609234668e+00 -3.655740011601138040e+00 3.962053398869170184e+00 -6.394602745964140134e+00
-9.124892371887804998e+00 5.417044942176769240e+00 -2.817587767734475168e-01 8.528575181478496248e+00
-8.793492027488264640e+00 5.281425136580822688e+00 3.986904881831792036e-01 8.829047868129549670e+00
-4.200588329593486492e-01 5.227134566334158627e+00 -3.409025525969265225e+00 5.036389980912003850e-01
3.601878358783109357e-01 4.424439293498261705e+00 6.653274551622281763e+00 2.440895949917911256e+00
-6.451024384913686127e+00 -3.661834468793161435e+00 -3.540718008555618468e+00 5.534800743565712722e+00
6.994955765062657704e+00 7.765823198327924892e+00 7.696300116423869575e+00 2.414005079092726991e+00
2.151228262019591608e-01 4.055950293314466215e+00 7.384955296213281173e+00 3.730605560245253471e+00
7.488374478653702759e+00 7.460168744701977772e+00 9.641338328015871539e+00 6.785914200140386043e-02
1.110272258088982777e+00 3.015126941516605097e+00 5.621011624355428893e+00 3.618809780054717873e+00
-7.169883653691086600e+00 5.964414265332973031e+00 2.413860875905180059e+00 8.437349305421287582e+00
-7.886561410906154812e+00 -7.238150320182231034e+00 6.629851809593930945e+00 -5.185533159509874146e+00
-1.274083431506147113e+00 -4.771617603944015684e+00 9.078570168121846251e+00 -7.475364405300979342e+00
-4.601474141331564738e+00 -5.207156473258197416e+00 -2.051523454848087624e+00 5.107899307743915429e+00
-6.889463413466254238e+00 -6.477171458849870334e+00 4.887754998400701822e+00 -5.525538242323177585e+00
-1.565534241266738125e+00 -5.635892216693227930e+00 9.233325559077485423e+00 -1.005445775318660040e+01
-6.834605553970660274e+00 6.826617838786495973e+00 -5.466425385943618487e-01 8.583951106909582407e+00
-2.832574338625104549e-02 4.498444642543061534e+00 6.394867116301468535e+00 2.013551224832477615e+00
-9.686765737082352334e-01 3.731657365011433303e+00 7.901169883962236185e+00 1.569784813237280918e+00
1.037311130546626270e+00 3.122246613345401656e+00 7.200319064674214786e+00 2.145531674520705145e+00
-2.161316528999750020e+00 4.087769430986758046e+00 -5.209989591304982959e+00 1.398158288814405070e-01
-9.118220041779382612e+00 -6.441647922297048190e+00 4.937188341369513012e+00 -5.462354169447957375e+00
7.636803441607810106e-01 3.831426112359781921e+00 5.720446475157330291e+00 2.201595147109384421e+00
-1.393203051093953704e+00 3.516416628276076928e+00 -4.046811361326728473e+00 -2.792107861718774453e-01
-2.047825320540071825e+00 3.826415033471447735e+00 -5.145261629755070842e+00 -9.875448905564493396e-01
-7.206549632212226442e+00 5.448133878412562581e+00 1.895203805330533953e-01 8.722178429035036373e+00
-6.508788866320862176e+00 -6.051568096420972154e+00 -2.251021617624780369e+00 6.581383254938331540e+00
-1.698242753144967088e+00 5.130432305816322369e+00 -5.659421022795619649e+00 -1.904920292958760086e+00
-9.297069634607165511e+00 3.774973223658818711e+00 1.476342432368255908e+00 8.002121102029432720e+00
6.950921118856596692e-01 3.469002473487521776e+00 7.244256228491357419e+00 1.948566271236461978e+00
-9.337277051762212565e+00 -6.550468084181571449e+00 4.070524064362555094e+00 -6.702764482504831811e+00
5.807690563477399870e+00 4.888101526943692932e+00 7.225827721817440263e+00 3.337436475503802180e-02
1.463444286337987510e+00 3.766705091714610099e+00 5.918554613379678919e+00 4.038230105038542739e+00
-2.004418266179823327e+00 -5.069665674805723832e+00 9.682219678963598142e+00 -7.778516532947290507e+00
1.017538191457902919e+00 4.991204061615007959e+00 -5.720885513790147314e+00 1.558010961036143671e-01
-5.575027948770203245e+00 -4.955570168994595903e+00 -1.706147855002577263e+00 6.331532030949721168e+00
-8.130409885494929156e+00 -5.165129929706212764e+00 5.887412557548637793e+00 -5.823664371551449115e+00
-3.131033543927999041e+00 -4.556333001527350213e+00 7.199341838100858482e+00 -8.793831360495405036e+00
-6.322430889671085019e+00 -4.960052367001722473e+00 -2.943344011927132353e+00 5.488033796682255883e+00
5.849290735703128519e+00 -3.593515653499837370e+00 3.668385753992943421e+00 -6.345224611408264437e+00
-6.360156980036037133e+00 -4.480630050240304030e+00 -1.884709899913079578e+00 6.011731227235191710e+00
-8.138520698765821848e+00 -6.002809847650283359e+00 6.370867568708515449e+00 -4.973508278584830578e+00
-7.457796120118601380e+00 5.617562708808637062e+00 1.139176796497086475e+00 8.770505259724005853e+00
-5.669177209343577495e+00 -4.130687540368049859e+00 -3.286017032290612150e+00 6.182302031018917177e+00
7.984855632055364083e+00 6.142318830785099770e+00 6.922015514074350229e+00 1.161714075570774440e+00
-2.024555652063920963e+00 -5.555852263214909215e+00 8.718221450253830440e+00 -7.767846360144510243e+00
-2.048473990239207954e-01 3.460993380321076174e+00 7.303507989722708871e+00 2.719873480503842700e+00
8.824524661225267019e-01 5.224101522442725631e+00 6.163962577676034726e+00 3.579994645316666446e+00
3.160115869657793564e-01 5.011768636735025595e+00 6.834564655689455037e+00 5.074780169252339768e+00
-6.651756446510188603e+00 4.814403763124708746e+00 1.046840156613384698e+00 7.032932858289923317e+00
6.639543386073107456e+00 7.088465629899080689e+00 1.013941908710786421e+01 1.669615819492939135e+00
-2.337429290230239154e+00 -6.705614666094108500e+00 8.850881806457726597e+00 -9.007637644912783514e+00
-1.053511298847308986e+01 -5.010676865796303225e+00 4.991838174873191036e+00 -6.873497718026537306e+00
7.247689231884897332e+00 7.123000386213177215e+00 9.195428334540432402e+00 4.020916399164694011e-01
6.896828323779740089e+00 7.975481091254136956e+00 8.255750243162834678e+00 1.100485966680383010e+00
-7.795267592071121854e+00 6.429340163536925168e+00 -8.232851484242504903e-01 8.723018242792745625e+00
-9.332863056726898421e+00 -8.093649505168052372e+00 2.786507223378927645e+00 -6.334033414750474655e+00
-7.532527593130435406e+00 5.702413699929946844e+00 -8.696692162156114403e-01 6.604177235700610993e+00
5.556162511158182937e+00 -6.143052992818551772e+00 6.296110379625018183e+00 -9.165392684967960335e+00
-3.573131120225076618e+00 -6.294251050327095420e+00 1.003556500248494743e+01 -7.846984274519966718e+00
-8.304668082508701588e-01 4.118602202839254822e+00 8.735215176123389824e+00 4.992103523617187122e+00
5.592780298547038953e+00 6.814106648153797963e+00 7.483042934940736579e+00 1.467918091185089313e+00
9.929677833977708090e-01 5.998676245489865444e+00 7.812050630365092729e+00 3.212357651668710012e+00
-1.077655252957305265e+01 -6.598432959659549901e+00 7.976843916827782266e+00 -6.220668262341721544e+00
-6.663581358292915091e+00 -4.842890984984424385e+00 -9.024948627194717687e-01 7.083776764198790765e+00
-1.000834310552933815e+01 -6.800775876067497450e+00 5.113999565685408477e+00 -5.643320920605509272e+00
-6.488217777597634850e+00 7.022716208030135299e+00 1.228954046143662104e+00 8.550693990543058121e+00
-3.483115760261752847e+00 -4.420876594249580904e+00 8.155137663815203553e+00 -7.155926117017054722e+00
1.519056912578084617e+00 3.465589905671984106e+00 6.019975543674596530e+00 2.813516332069051717e+00
-6.893329393175589459e+00 -4.782255782409659872e+00 -4.072718282960615888e+00 6.268342031866793285e+00
5.763979918403473235e+00 -6.329699125308437146e+00 5.502945214632942950e+00 -8.719702360035977762e+00
-4.509566576439032914e+00 -5.418337078955461017e+00 -2.776468341568100850e+00 5.916412451628882962e+00
2.971930096849485281e+00 -4.177497555597520673e+00 4.630380113475687232e+00 -8.959217775633705472e+00
-4.929552906041978488e+00 -4.075147686837333083e+00 -1.185502528829166291e+00 6.292381967277174581e+00
-2.408070043805298877e+00 -5.474828996896658140e+00 9.879692960088664933e+00 -9.260786867873164852e+00
-1.278312037445850757e+00 5.443222000751176459e+00 -5.045643372921765568e+00 -6.138808486704716572e-02
-4.433668744348240320e-01 3.077698444548896628e+00 7.315013700866590973e+00 1.355136376067940240e+00
7.509578439173533404e+00 7.424415376431952929e+00 8.006944192623112855e+00 2.426394293387480694e+00
-2.445687234552675893e+00 -2.998160135361091605e+00 8.445069082413674266e+00 -8.657181498435670974e+00
-6.279570449771167517e+00 7.585412937014058166e+00 3.412516373964694094e-01 7.962600936169903498e+00
-2.033083478702656599e+00 -6.603881222175498777e+00 1.021234493940563581e+01 -6.881367818029996641e+00
-9.421643706900166393e+00 -7.111707933269116211e+00 6.132026437416773668e+00 -7.006654969688991486e+00
-9.184780270096399857e-01 5.629046536922540866e+00 -5.279828701843780614e+00 -5.275420684193543597e-01
-8.826207618003879318e+00 4.977840284601673382e+00 1.075867799984828177e-01 7.629164798672347203e+00
-6.413443708350967665e-01 -4.461459260389008641e+00 9.346879343003879015e+00 -9.035906571094542983e+00
-9.587801645358666747e+00 -8.868589940875654776e+00 6.029950231361848267e+00 -3.954581775532682641e+00
-5.388599320495858436e+00 -4.565330563756404558e+00 -3.007938866003424749e+00 6.895286183754200771e+00
8.999340944662850283e-01 -3.997567272906572100e+00 9.972242800725194201e+00 -1.024470562147194386e+01
6.679827706445967017e+00 7.213695350316779553e+00 8.701777961619091784e+00 5.196912079079019087e-01
5.515052524014584456e+00 6.597299879858590010e+00 9.158987786123644170e+00 -8.807179934486362161e-01
-6.741905495032217033e+00 5.767577798563917391e+00 -6.752070769815818885e-01 7.235521831288897587e+00
-5.152024777942547651e-01 4.767662868719055425e+00 -5.159693487167035464e+00 -1.133226706190166189e+00
-7.371721290801004578e+00 7.096547667668504644e+00 1.751924995913734406e+00 7.850039215700669537e+00
-1.146944700751986179e+00 3.882746011656091678e+00 -4.451931367597019573e+00 -1.909582043364779214e-01
3.811623572255363968e+00 -5.468274992915665322e+00 3.168784372225904811e+00 -7.791747429530072822e+00
-1.005709043181138718e+01 -7.577551308550371623e+00 5.207428655039207044e+00 -6.769713910406323087e+00
4.192390361286726375e+00 -2.376332243033229652e+00 3.149387157400621806e+00 -8.419437104131830552e+00
2.962288335269984696e+00 4.366824060227503246e+00 7.030122143711383664e+00 3.260475128956473068e+00
-7.216327658087267061e+00 -5.331635918258956330e+00 -2.605053225513293214e+00 6.339724702157671032e+00
6.704411862867865501e+00 -3.852220006467605540e+00 4.168228704539798990e+00 -6.936094195892994918e+00
-2.394560378378937315e+00 5.567973999775818861e+00 -4.393063437380846814e+00 -1.462607698786761556e+00
-6.867479034107909719e+00 -4.816354165237431317e+00 -5.044930308225218596e+00 6.127674767526110067e+00
-2.437942577416569723e+00 4.875208432910180356e+00 -5.002612187308904446e+00 5.397305816975570547e-01
-3.307166117828641561e-01 4.045586655478046190e+00 -4.749307886277466473e+00 3.934099418769159140e-01
6.110590922315557449e+00 -5.653733154651174431e+00 4.829676629596167281e+00 -8.991041210154934404e+00
-7.076961382025241498e+00 -5.055744613223836836e+00 -1.787773747919536582e+00 5.710119105565353514e+00
-6.098288973754197428e+00 7.464291563819114295e+00 2.252339441700773826e+00 8.621935168085240520e+00
2.443213855198462348e+00 5.698915006954655027e+00 6.749523026854478580e+00 3.796567870530747513e+00
5.777021002450581477e+00 6.902920743142273885e+00 8.676661267943631017e+00 -4.998302175159841099e-01
-6.298560377176204206e+00 -5.508823631194595727e+00 -3.903513464423839174e+00 6.739704447123609832e+00
-6.427022335654450913e-01 6.363728772057974936e+00 -4.776854804149458289e+00 -1.411693069330298700e-01
-4.174301861717505169e+00 -4.682874884547366001e+00 -4.861471788756597689e+00 5.795813622212850902e+00
-7.187268629224329963e+00 4.906821364348840753e+00 2.875889548327951406e+00 8.259586852339731777e+00
-1.647099040560907834e+00 -5.948259808293551387e+00 8.862663699144988527e+00 -9.179043915740422221e+00
4.585666747696652834e+00 -5.227064092023923081e+00 3.690409737916364730e+00 -4.922294320569871928e+00
-2.591241673445219718e+00 5.259743638203886462e+00 -3.468187146145885968e+00 -2.715756393654915613e-01
9.611174183855262232e-01 1.700176284490468426e+00 6.710963116474061962e+00 3.769620157154774720e+00
8.078570063569223692e+00 7.408804596835732781e+00 8.959720122993511282e+00 3.079922945838594606e-01
-1.662228462384963912e+00 5.239389250326249581e+00 -4.050184578045447736e+00 -4.796377464883740949e-01
-3.446881552521642078e+00 3.568156439558108239e+00 -6.003422653680819288e+00 -2.606247825741581536e+00
4.926288942337067489e+00 6.193775109729639183e+00 8.050440986211329530e+00 5.665905056927771355e-01
-8.493066002184191277e+00 -6.997516722587787008e+00 4.400222264403748973e+00 -5.389411275596096118e+00
-6.334229641416817991e+00 3.665543547257863466e+00 1.021394766029747547e+00 8.448258116068942059e+00
-4.415482137923845141e-01 6.179956333183441508e+00 -4.493755103016599861e+00 -5.731942877354953003e-01
-4.652238007594959868e-01 5.130469374342500721e+00 -5.883066849476142224e+00 1.181655881157513965e-01
-7.754744725427923369e-01 6.531658678810052798e+00 -3.577179579016488642e+00 -6.634769018648234429e-03
-7.603491299353666300e+00 5.230203839646041963e+00 2.615182553490247308e-02 9.683296093713140706e+00
1.123851446119707442e-01 4.659374973685839194e+00 5.542529496139385614e+00 3.175612136126528817e+00
-1.284196344893946184e+00 4.104430109664446213e+00 -3.892311389007785394e+00 -1.121446741269991332e+00
-6.554685933231450434e+00 7.331788979520233340e+00 -1.417803904386205627e+00 8.525730171046790318e+00
-1.008212615584051086e+01 -5.439827267839151048e+00 7.223593812211605680e+00 -5.366382193262357880e+00
-9.803082910923086146e+00 -5.604111604871693686e+00 6.342353592792182582e+00 -3.532634968479469784e+00
-5.641286761923168136e+00 -6.364078336613133935e+00 -4.737699332795521912e+00 6.104224203965019413e+00
-1.721750416232869840e+00 -5.168186953826540808e+00 9.108264067676074660e+00 -8.539249223189223414e+00
-6.812244700738112613e+00 -4.233719380813936617e+00 -2.991804002752409986e+00 6.061381868865214351e+00
-1.055016222352824506e+01 -6.892419280152317640e+00 5.905592710854255856e+00 -6.054935721488774014e+00
-1.861235186928740903e+00 4.870339570051706701e+00 -6.321811783888811043e+00 -1.040845030584365727e+00
4.859799013404135337e+00 -4.147902732893572697e+00 2.507483488604821620e+00 -8.121035806052702810e+00
4.447828334302619702e+00 7.737507839614292671e+00 7.392173691177890582e+00 -2.997621991688496079e-01
-7.280226016969428393e+00 -5.431785943848876919e+00 5.182261311352641009e+00 -5.596062601896185207e+00
-6.498648872298869783e+00 6.168043616055178369e+00 8.520659488941161319e-01 8.143099017778887116e+00
-5.856721212897236128e+00 6.939048687730655196e+00 1.597537231158973725e+00 8.346874393759184940e+00
-6.860052175150939568e+00 4.639193335865651413e+00 -2.690117165431015200e-01 9.551316664688290103e+00
-8.040264486375226838e+00 4.908579100997233269e+00 8.479434881353614673e-02 8.180238567019040730e+00
-8.805529142588310876e-01 -3.811799339726463565e+00 9.352384966750776130e+00 -8.065372085577283912e+00
4.600676019229529068e+00 7.497275914626546189e+00 8.554626252346906767e+00 1.375437636278974196e+00
-7.022151331531278018e+00 -6.165886710479442812e+00 -3.393274688436932252e+00 5.314228321357024498e+00
-8.453285470218098396e+00 5.823813136928339240e+00 1.222260242192538371e+00 6.306775594389433692e+00
-8.035737217359155693e+00 5.695532944122315477e+00 1.757044908021359042e-01 7.787739694781007138e+00
-7.205996405635630708e+00 4.866194622605292786e+00 1.347842355507697487e+00 6.287004216265486001e+00
5.202999132882999866e+00 6.110792153635344448e+00 1.039437492591398815e+01 1.512051237880842391e+00
-9.641416635204159036e+00 -6.190913846132902520e+00 6.528041374151170473e+00 -7.691488523964883584e+00
2.884621023353458824e+00 -3.153910792225587123e+00 5.116347340564836976e+00 -8.547654192756091618e+00
-2.363139271529234087e+00 4.654896684608263335e+00 -4.828200455544382486e+00 -1.741292050507806444e+00
1.478645314889106555e-01 4.259653890819523170e+00 -3.787209231240911134e+00 -1.133136904172999504e+00
-7.125064297990452822e+00 5.615573592648667400e+00 -1.604348246080302687e-01 6.918611174725931789e+00
5.211170387339930876e+00 6.791121895108686246e+00 8.948364278628957891e+00 1.016013153011941395e+00
-2.435824360438358926e+00 -4.838820211403612070e+00 8.724563667072928297e+00 -8.852521604562875623e+00
-1.867337362213423280e+00 4.745038368492603631e+00 -5.269494390572584841e+00 -8.323690075311707126e-01
-4.543568366733685693e-01 -4.032902987225159386e+00 9.368095541175684104e+00 -7.067384343463185559e+00
4.790844428499058338e+00 -2.774875319983962640e+00 6.495969727938835980e+00 -7.149508981992329204e+00
-1.032944162880541938e+01 -7.748927764886364145e+00 4.738853887766516060e+00 -6.195926532244329543e+00
2.134797928703759062e+00 2.154266329881338926e+00 6.307242899688726645e+00 3.809551196078009738e+00
-9.419620866974238282e+00 -5.605728102398991552e+00 5.135320737144523306e+00 -6.797725539694895680e+00
9.270866499489012202e-01 2.111795080502179012e+00 5.963367662892105514e+00 2.210853192085182606e+00
6.749446871267495318e+00 6.058829162996140383e+00 9.485380364037274248e+00 -1.156347020595026587e+00
-1.883288342525319736e+00 -5.058026703156786041e+00 7.671132800651684569e+00 -8.541341481577804373e+00
-1.127979456812462900e+01 -7.969217292616186832e+00 4.670668896261118697e+00 -6.577627519570143022e+00
-1.344288756009755836e+00 -5.541415691324922399e+00 9.329726342318183541e+00 -7.604147340365982721e+00
-5.928690333035168791e+00 -6.437067732609104809e+00 -1.977000187614540216e+00 5.346749670531429466e+00
1.215627744433675161e+00 4.861962993541833811e+00 6.396483526218067261e+00 4.476415141037926482e+00
4.501307948716567253e+00 -3.980316339216612320e+00 3.583882326476734548e+00 -7.896115318338571498e+00
6.037175051622276634e+00 -4.624654576068878420e+00 3.280621340759101834e+00 -7.819547240772402041e+00
1.244667643196394113e+00 5.084286574938528425e+00 5.747562651492196473e+00 4.490438640296413375e+00
-2.537332214970263955e+00 4.989774574353856629e+00 -5.128327032672441277e+00 3.868362080312377493e-01
-9.111305035349309023e+00 -6.018484128687753731e+00 5.440520849030428430e+00 -4.471075956197294587e+00
-9.213094810552151515e+00 3.922133204432091347e+00 -6.023157555834632859e-01 8.223892059193007142e+00
5.710852863340996954e+00 7.347835194505124790e+00 9.398711784221777776e+00 -8.623820532288977159e-01
-1.947620651639035749e+00 -3.794968695881905774e+00 8.040504817767674339e+00 -8.476814237207715763e+00
1.592691125180679679e-01 4.394017547200401275e+00 4.281379541620104590e+00 2.562151176845953060e+00
2.572241389303184800e-01 5.172852864641028781e+00 -5.614540169391903035e+00 4.601033097773288283e-02
-8.362952962318574990e+00 5.778588553969999708e+00 1.513413508706130894e+00 7.150240113168120359e+00
-9.193802770517157441e+00 5.092611564816133196e+00 -1.943429791007283969e-01 8.127196773260246587e+00
-5.726473024133799328e+00 -4.854777492038880204e+00 -2.783298454928615939e+00 7.452324196702841519e+00
-1.159997972047722925e+00 -5.622517165991392396e+00 9.087276968339399019e+00 -7.361204688640044402e+00
-2.633472725194349717e+00 4.308630581950415817e+00 -5.014158776337282575e+00 -7.441345624964700312e-01
-7.419092374996772321e+00 5.959144614089527003e+00 1.774613663568741784e-01 7.987677846970775875e+00
-8.505161239223490099e+00 6.492412502638244653e+00 -9.489610354595288122e-01 7.281886823942288700e+00
-1.006707756542363441e+01 -6.052302078559891108e+00 4.841745771703087620e+00 -6.153638499758534053e+00
4.017433228182524907e+00 -1.677425589476110535e+00 3.669320758507885749e+00 -8.092759086406312363e+00
-7.649170275814775266e+00 -4.807993966374344730e+00 -3.984978441761749757e+00 7.607587389405363609e+00
-8.486634874868208556e+00 -6.989102528906135703e+00 5.231588272563154618e+00 -5.833934803251754175e+00
1.514041395632533149e+00 2.992129884900714742e+00 5.526935451992137871e+00 3.081491279900963054e+00
-7.974721745844242093e+00 5.253310538296370957e+00 1.009939596124687089e+00 8.173849854286642014e+00
-3.475561086051534243e+00 2.671257571880739423e+00 -4.468926273038348995e+00 -3.998799584296966469e-01
4.486340902506356976e+00 -5.028503363089853018e+00 4.508554123350352327e+00 -8.597462168265286309e+00
-5.840335797646861060e+00 -6.754594924255557409e+00 -2.293575995197509876e+00 6.672571420168851297e+00
-4.516369970344890072e-01 3.356791143987331694e+00 6.847773952892140414e+00 2.189550611855899831e+00
-1.187563014153776741e+00 -5.778347124465944340e+00 9.112668421713332023e+00 -9.123539337095849078e+00
-9.778567719470839137e+00 -6.589737694617452846e+00 6.912949206803048696e+00 -5.805824197860099289e+00
-1.297546854269135075e+00 5.696220392510554120e+00 -5.159362863262912491e+00 1.636675934875778671e-01
-3.374334443613828061e+00 -5.481869136298151979e+00 9.431831999783458542e+00 -6.503724388764711151e+00
-1.370002604906976451e+00 2.740208306929438287e+00 7.673947778658116725e+00 4.908210916974661941e+00
-1.768998243808761028e+00 5.063241702310166126e+00 -5.310606499865658137e+00 -1.013358351364402443e+00
-9.042354349146363157e-01 3.822622344702975461e+00 -6.353555466524242412e+00 -1.969415222418292588e-01
-6.350095860482427579e-01 4.215164492384300132e+00 -4.550672241372470062e+00 -3.272840769022544172e-01
-6.069132857050550278e+00 -4.491949764072856510e+00 -2.886913806319023390e+00 6.268210744271931034e+00
-8.676370728901119378e+00 5.669833560607452583e+00 1.083596147190683201e+00 5.908747503413424695e+00
-1.949806521955068428e+00 -5.274208682576447593e+00 8.866906094683452366e+00 -8.291590688188573921e+00
-1.031824845101791688e+01 -6.158148897235629526e+00 3.599097790062293800e+00 -6.171080670031599880e+00
-5.076784199814537324e+00 -4.205120585039216152e+00 -4.381273780334424828e+00 4.443716185828666454e+00
-3.346093555936324293e+00 -5.183955414055580135e+00 9.522693482236764595e+00 -9.201079032655201217e+00
4.756776046447181550e+00 -3.762295925357394211e+00 6.500390330488284185e+00 -1.034177097737405759e+01
-7.180019194357226908e+00 -5.724003836937746392e+00 5.640108586651908062e+00 -4.817058042775934190e+00
-2.223593290609525930e+00 5.053978585484098396e+00 -4.358793695524584955e+00 5.007138669840260903e-04
-1.125052534756818723e+01 -5.897952341663696529e+00 4.243325865157618004e+00 -5.566898652002565839e+00
-1.094306710964881191e+00 -6.265861759408949183e+00 8.631492442698426970e+00 -8.627867152018499297e+00
-3.438062556719751584e+00 3.843212473946904240e+00 -5.202682654185737832e+00 -8.390898574252865227e-01
4.982929306197661390e+00 -3.245476104688513885e+00 6.681798583428396832e+00 -6.078786149167304309e+00
5.310243760037192118e+00 8.078267953712519045e+00 7.803759647277487943e+00 1.595040901406237666e+00
-8.078067752244471933e+00 5.844632106919497083e+00 7.931370626864338025e-01 8.169958190357707650e+00
-5.132726477841599078e+00 -4.484903644387921773e+00 -2.857174116852015722e+00 6.227507829517701765e+00
6.103814408042308237e+00 -5.345374483922672226e+00 4.122860689942736911e+00 -8.952580926312021958e+00
-7.370921357748068559e+00 4.763655386422653848e+00 2.848882675404682541e-01 9.662499945550713676e+00
-7.686118599318467304e+00 7.708818871271511775e+00 1.096525054155708334e+00 8.091349424721949291e+00
-2.203070920252887532e+00 -5.911940919179051512e+00 8.693293733862292427e+00 -8.852719423301730117e+00
-1.064237790660336458e+01 -6.525263531133258077e+00 6.151265451819010188e+00 -5.321583257434462588e+00
-6.555526730091415510e-01 6.351087843219249685e+00 -5.649522174162262544e+00 7.257371144203892399e-01
-9.552414281700150056e+00 -5.038808058804913337e+00 3.886226110817952772e+00 -6.884836592987785053e+00
-5.657858528998787051e+00 -4.198727992790901808e+00 -3.394764587164293967e+00 4.892348955583824655e+00
-1.278331152091723988e+00 4.033144658877369615e+00 -4.262380890650895537e+00 -8.526654077329817172e-01
-8.355188719603782843e+00 -6.580236955435950108e+00 4.345022708956776114e+00 -7.678179435091670335e+00
-2.545337479200370012e+00 -4.305774599966256666e+00 8.953138353089904911e+00 -7.773539200584169251e+00
-6.261883295755604983e+00 -3.803038194159182428e+00 -3.535780535055656149e+00 4.885043323769822976e+00
-7.282348062616351925e+00 -4.808921304734045776e+00 -2.644806847300315678e+00 6.447849445962155812e+00
7.315720088080416517e+00 7.161355023579811352e+00 6.864631130550040261e+00 2.226684862295414957e-01
-9.752596888881345905e+00 -7.755436573119192545e+00 4.502873011146328430e+00 -5.641260911062630612e+00
-8.659819248068631126e+00 5.379286373050732983e+00 2.126219271988630588e+00 7.335574916567981774e+00
4.706228124106880628e+00 -4.379424403909668584e+00 5.398230683710586675e+00 -8.651835270662681765e+00
-5.269920325450689891e-01 5.661279512218513332e+00 -4.556220429371072633e+00 -9.340710754027252705e-01
-7.058717532877800682e-02 3.102345756575131563e+00 5.150613784308363030e+00 8.020764028798019751e-01
-6.778775583962111106e+00 3.852645967935048876e+00 1.261259333629337620e+00 6.525666016248313994e+00
-9.114968274786505731e+00 5.503937011541033542e+00 -2.209986260243095302e-01 8.096947271850792660e+00
-7.157474990358243971e+00 5.633706238456005266e+00 -5.888490549162810339e-01 7.882306299694923801e+00
-3.199185902308603335e-01 6.805654907136541532e+00 -5.427082955271016473e+00 1.533693779750417985e-01
5.704498277197313172e+00 -5.940708619022045056e+00 2.932104008775608950e+00 -6.623554573456041261e+00
-1.100041312621206524e+00 -5.291042867696688745e+00 7.817625627255685217e+00 -7.067988321079351266e+00
-5.529206603368288953e+00 -3.328519159295789009e+00 -3.356554924793766936e+00 7.556188727853978548e+00
-8.106619860955930790e+00 -7.073021191970418897e+00 5.943875612340995040e+00 -4.677317281101800006e+00
-1.274656333786228446e+00 4.362836130536025259e+00 -5.562936568480171928e+00 -1.542509397576901753e+00
-1.345561598691812799e+00 4.967228291761037084e+00 -3.477858793829599282e+00 -1.247594455484457576e-01
3.713990880498189817e+00 -4.692641607205713328e+00 1.765464614595990245e+00 -8.150003286381419798e+00
-4.950417224466780119e+00 -4.038949026131540165e+00 -3.192829231373798038e+00 4.952123139915884487e+00
5.107641012310089934e+00 7.307896538985938939e+00 6.922802996229144412e+00 -2.181971696284610296e+00
5.045240607636189978e+00 -3.513723700201073719e+00 5.362693251585470833e+00 -8.799902921768143926e+00
-9.156040773254021659e-01 5.371550917281219917e+00 7.636703777784367375e+00 3.005853917106459772e+00
-9.585143011421406456e-01 4.126475029116649651e+00 -4.188760133554234599e+00 1.038333145482106312e+00
-3.112425904703658652e+00 -4.393797816380430099e+00 7.633472193862836264e+00 -9.821921154671509058e+00
-3.256611475957671864e+00 4.497572487164261723e+00 -6.166438109483372010e+00 -5.016379403310220475e-01
3.017463339345772266e-01 5.393670163918229399e+00 6.722431200377917193e+00 2.447794653881972149e+00
-2.324054983195354751e+00 4.792749061302012059e+00 -4.125220345664544652e+00 -8.963550400347664038e-01
-3.890951560012277266e+00 -5.877463950516715663e+00 7.512713882168399415e+00 -7.063592846563633287e+00
-1.516313750288961426e+00 5.294799951839698871e+00 -1.520597529452511587e+00 1.341345403734274910e+00
6.097537670132259890e+00 6.251410292269785174e+00 8.212996946518080321e+00 -7.848203505332118635e-01
-2.402170557451285937e+00 5.452961237357913937e+00 -4.338804091840580135e+00 -1.239673033334857788e+00
6.904544694227270796e+00 6.357968959680252219e+00 8.232733935546177051e+00 1.056471465480909089e+00
-3.173232586458670568e+00 -4.107855081817326948e+00 1.044824143289979368e+01 -9.079725209220251614e+00
-9.920933558285968346e+00 -7.253435220139469841e+00 5.931842606707724563e+00 -5.966105768453851432e+00
-1.377128817212054157e+00 4.174022041704341213e+00 7.501498700710059531e+00 7.377356821122345032e-01
5.185603988085144778e+00 -4.408316640139650744e+00 4.602895317419115173e+00 -7.810426113894702205e+00
6.586748058396317163e+00 5.753124902080549496e+00 7.626977476068131701e+00 -1.438709876819622924e+00
-6.887613746946714244e+00 -5.663834767414836158e+00 -1.471968615170722305e+00 7.279554449654391135e+00
-6.910165129338847745e-01 5.120625974937023095e+00 -5.078487103580709316e+00 5.430398201683022119e-01
4.346374969884535311e+00 -3.159413423979515301e+00 4.092217881366904564e+00 -6.593257156109597616e+00
-2.610505860868372441e+00 5.073700268150516557e+00 -7.288558359017330623e+00 -8.406308185012471013e-01
1.222624567153939523e+00 2.563177515003504325e+00 7.510192615731501320e+00 2.923354384684357932e+00
-1.353351988923590987e+00 -6.772949766206875388e+00 7.156556839502820289e+00 -8.871830822585536680e+00
-8.609616621271644732e+00 -6.783505649093768852e+00 5.179960965861152289e+00 -8.402106350461345130e+00
-1.044419857516181516e+01 -6.397631591606998569e+00 5.831952496676493958e+00 -5.308776118779162445e+00
5.557244585455038077e+00 7.449571540497012201e+00 8.605586979933363523e+00 9.825540077559227203e-01
-9.546317425472455653e+00 -5.723784728168454627e+00 4.783200161852104948e+00 -4.946893463617140441e+00
-9.243164917073425357e+00 -4.933052810599709126e+00 4.707189059980969148e+00 -6.311717627618918414e+00
3.821375911489638177e+00 -5.557436484595017490e+00 5.405112133872103541e+00 -7.444324530655551442e+00
2.053833550227250448e+00 -4.021081020509971182e+00 4.202126049875138492e+00 -7.867650026994307488e+00
1.009016760777288413e+00 5.569460743994998353e+00 8.488506673374439870e+00 3.740865574926520054e+00
5.560009580074845026e+00 7.600782529139307186e+00 9.167186978508480522e+00 2.146377061465632785e+00
4.299316305045131514e+00 -3.416893495456219121e+00 6.929051651220451191e+00 -8.567437607057737381e+00
-1.157937564075355974e+00 4.731107811077023939e+00 -5.174719715784858565e+00 -1.127867691002940820e+00
-2.625934769370389166e+00 -5.833648508561839030e+00 7.859120612779980419e+00 -7.095747854162148371e+00
5.520339493054944313e+00 -3.856338059175140387e+00 4.092559163557758062e+00 -8.326760256303868957e+00
5.139581518663356441e+00 6.798641130002065047e+00 9.077424456433751843e+00 5.340378027123681148e-01
-3.232650906316344219e+00 -4.982640604275069940e+00 -1.951145203158811681e+00 6.915410474595457657e+00
-1.012085895475977892e+01 -6.815034753701906922e+00 5.056489874125343675e+00 -5.853992766598850928e+00
-8.742794589404459416e+00 -5.983985887821096306e+00 6.407809382727811531e+00 -5.886871319409971548e+00
8.291148345666256247e+00 5.952697259473576530e+00 8.052348906188308675e+00 2.496176545882379472e+00
5.542652549803061213e+00 6.917503586021765294e+00 6.289844587151173450e+00 8.433980436933581348e-01
-1.670382211887800672e+00 5.276249262048219535e+00 -4.167035270017989568e+00 -4.764472500171781366e-01
-9.208717511736244532e+00 -6.484935193136514897e+00 5.770203024298178995e+00 -6.291812076248210595e+00
4.252193611501355441e+00 -3.669706592843493542e+00 4.335527288068027119e+00 -7.916962948592615845e+00
-4.685641706362561054e-01 2.585359558716160411e+00 6.513890833201678277e+00 2.980023381340354049e+00
-9.265882806574133213e+00 7.260062973609894499e+00 1.016256229275350975e+00 1.003022411137603953e+01
-8.260943497019049175e+00 -6.847495196547901841e+00 5.917140864264607281e+00 -3.923400051036759706e+00
-6.570866378420118004e+00 -7.689676313299546706e+00 4.348393486826369170e+00 -5.860716635558601340e+00
-7.283455432526602991e+00 4.366051065690533584e+00 -2.676112360555116254e-02 7.881970392601533426e+00
1.706255558191255739e+00 4.792327654050868802e+00 8.939869151585135398e+00 3.847024217180821548e+00
-9.652355434226681297e+00 -6.373578986246502431e+00 5.232146476023344484e+00 -4.758369978132349409e+00
-8.450488112738614888e+00 4.446782689868020277e+00 4.170638717799767803e-01 8.472888023458827078e+00
-5.335738474634154294e+00 -4.992248763173623871e+00 -3.886255145563739966e+00 7.811619669750186290e+00
-4.829105123930879095e+00 -4.464219737529250942e+00 7.125192953803142437e+00 -7.904226024623079994e+00
6.756777944172862149e+00 -5.204058073392529238e+00 1.980401987173243228e+00 -8.605468464438022380e+00
-3.589665208991176915e+00 -5.984972289565303250e+00 -3.357099900792168246e+00 4.919562517281645064e+00
4.207537010391116716e+00 -4.290979442504141872e+00 4.964041312386736848e+00 -9.382440059630482665e+00
-1.391162790320679132e-01 3.889418083021868533e+00 7.768042387774701574e+00 2.133014726984620246e+00
-7.697846673150044339e+00 5.830594236859242052e+00 1.169348599899185270e+00 8.295429218798505033e+00
-3.698721342479654783e+00 -6.830774974142597600e+00 8.643558655543341018e+00 -9.704982252291467049e+00
-3.443436916841253748e-01 5.913287913752490965e+00 6.956557310932057092e+00 3.676742856307793961e+00
5.425448988159940811e+00 5.682609937394653699e+00 7.590918627257263296e+00 1.347464071975757349e+00
7.723444512865391687e+00 6.336631898540936447e+00 7.445186993648999163e+00 -4.760450189222886763e-02
-2.760510126016467947e+00 -5.847841408962516141e+00 7.613745579625099680e+00 -1.005519658215483680e+01
-5.751252401889295207e-02 4.530813326439915301e+00 -3.892759780465749664e+00 -2.651401691508922909e+00
-7.862006146558045749e+00 5.323585201908392683e+00 -7.992892178723374208e-01 8.841820920892473623e+00
-5.720660085800997052e+00 -5.158616110627072260e+00 -1.367596097381409637e+00 6.916682605115000548e+00
-5.886144479668418583e+00 -4.925547541097598625e+00 -3.264862686459085950e+00 8.974084681519233442e+00
8.243378966143849240e+00 5.861520849041569114e+00 9.401698192847186775e+00 9.661895643782337784e-01
-8.700399022361912316e+00 -7.343558735550930194e+00 5.903547206430587835e+00 -3.960318187556340241e+00
-9.723627478287335535e+00 6.074147811135988562e+00 -3.604330099789639918e-01 9.334452065379698738e+00
4.153225714443055772e+00 -5.574404509752602266e+00 2.919999945287403254e+00 -7.469303413895779897e+00
2.002009079897945076e-01 2.319468569999545871e+00 4.995408094673313926e+00 4.098010277306766369e+00
-9.871897767611175212e+00 -6.287107384538963117e+00 4.999242820969237222e+00 -5.506659542107577465e+00
5.550927548185340399e+00 -4.690435775882841440e+00 5.009982543053214776e+00 -7.972721013953101732e+00
-2.038591894609013355e+00 -4.427032609587993939e+00 9.537169703577726310e+00 -9.165310606210331557e+00
-8.741523985420052156e+00 -6.170161649340560217e+00 7.720480786811489082e+00 -5.768795184695476586e+00
-6.891389981882676707e+00 -5.111144277000994052e+00 -3.951703009839190983e+00 6.536495792601314747e+00
-1.045700607963093987e+01 -5.800426951805013331e+00 3.569389898943481576e+00 -4.037029339342439904e+00
-8.875463590623054344e+00 -6.692634459453822515e+00 5.818116252890467521e+00 -6.438096217162598833e+00
-7.329569717689054187e+00 -5.291456024167010774e+00 -1.727370185660266122e+00 7.496675934774965633e+00
-1.744357459960492740e+00 -4.720644895305602162e+00 9.371189355193930481e+00 -8.012833763410593946e+00
-1.888071544239541488e+00 4.887915891006091584e+00 -3.794356563327738741e+00 -8.220731746810662210e-01
-6.204486399444516742e+00 -5.652008943081096248e+00 -3.613634461985692159e+00 7.165419229177448557e+00
-8.380036918796712087e+00 5.427440589195779985e+00 5.700629686429730114e-01 7.255974608208632048e+00
-1.253931415815531247e+00 -5.949239578044426047e+00 8.702773107365356253e+00 -7.672004583730722693e+00
-1.761024825125172333e+00 -4.666195183462943596e+00 9.398377168327970210e+00 -9.130079029489660769e+00
-5.729300620226990937e+00 -4.434653269013597132e+00 -4.611022923793218098e+00 7.650412605778617703e+00
5.477891150056210634e+00 5.016267485199459308e+00 8.802737562258936777e+00 1.595789512390715315e+00
-2.178889877493087823e+00 4.892179673372266890e+00 -4.989018324541984128e+00 1.832627761083897244e+00
-9.548464956530052561e+00 5.662748442969042451e+00 8.505456583540945692e-01 6.869327303809351193e+00
-7.400002678733969219e+00 -5.865155271384474567e+00 -3.591830399161585419e+00 7.281351877818497798e+00
-9.617719797547986005e+00 -6.969315885275332079e+00 5.718476727806346638e+00 -6.264774365113867205e+00
6.604737034890649561e+00 7.267952129919810211e+00 7.634805679596596839e+00 -1.232178973543922584e-01
-3.790398231889557934e+00 -3.191676055343300789e+00 1.076424536039746904e+01 -1.007947864909579216e+01
-4.274765902378475646e-01 5.083354427257282815e+00 6.267312905003820767e+00 1.738527588278383051e+00
-6.906887723240111576e+00 -3.983093686835781355e+00 -4.273814308764578129e+00 7.717192002914657678e+00
-6.809543543713918901e+00 -4.139638961335062817e+00 -3.003213787498584697e+00 5.753670210873940150e+00
6.985489063544062738e+00 5.650495886750240615e+00 7.306692552142543207e+00 -3.255106624294579198e-01
-9.078497510069816201e-01 5.048133310235782822e+00 -6.647745173845743594e+00 -5.994777865990226218e-01
2.779024800416612928e-01 3.857430841921297038e+00 5.199648882248689929e+00 3.543100262625568320e+00
-1.026688712997728237e+00 6.133988850239449064e+00 -3.966073363260325557e+00 -4.754912269805553482e-01
-4.321810302295133965e+00 -5.734372339578976074e+00 -3.725575707050644780e+00 4.413610205294122402e+00
-8.872687277212262913e+00 -6.757439646314407966e+00 4.574627598341089119e+00 -7.000412093852349749e+00
5.633264139033320461e+00 -3.817638695790555925e+00 4.580075723662402787e+00 -1.013477320947463411e+01
-8.832547040214453471e-01 1.451307704235129226e+00 7.964024869178153665e+00 2.855361297196815418e+00
-1.876712368828002298e+00 6.068125943103528819e+00 -6.588817171786407911e+00 -1.246899149804834961e+00
-8.578959394157143592e+00 -6.987781708765369970e+00 4.419709622665353166e+00 -5.115634703868558120e+00
-9.717633887054610398e+00 -5.513540126683504461e+00 3.497200415020564002e+00 -3.771884713584775284e+00
-7.838452391991827639e+00 4.276953727148210760e+00 1.459381782425863916e+00 7.871724704380591575e+00
3.045517041829921556e-01 3.824513075516593918e+00 6.194475186432997660e+00 3.687341372522143779e-01
-8.777470236947511495e+00 -6.076140793869936552e+00 5.096305622191945162e+00 -5.895430938265827869e+00
